Transition_Name,Lipid_Name,For_Rgoslin,Precursor_Ion,Product_Ion,Retention_Time_[min],Delta_Retention_Time_[min],Collision_Energy,Cell_Accelerator_Voltage,Polarity,isISTD
AcylCarnitine 10:0,CAR 10:0,CAR 10:0,316.2,85.1,1,1,30,5,Positive,FALSE
AcylCarnitine 10:1,CAR 10:1,CAR 10:1,314.2,85.1,0.95,1,30,5,Positive,FALSE
AcylCarnitine 12:0,CAR 12:0,CAR 12:0,344.3,85.1,1.3,1,30,5,Positive,FALSE
AcylCarnitine 12:1,CAR 12:1,CAR 12:1,342.3,85.1,1.1,1,30,5,Positive,FALSE
AcylCarnitine 13:0,CAR 13:0,CAR 13:0,358.3,85.1,1.5,1,30,5,Positive,FALSE
AcylCarnitine 14:0,CAR 14:0,CAR 14:0,372.3,85.1,1.8,1,30,5,Positive,FALSE
AcylCarnitine 14:1,CAR 14:1,CAR 14:1,370.3,85.1,1.5,1,30,5,Positive,FALSE
AcylCarnitine 14:2,CAR 14:2,CAR 14:2,368.3,85.1,1.2,1,30,5,Positive,FALSE
AcylCarnitine 15:0,CAR 15:0,CAR 15:0,386.3,85.1,2.2,1,30,5,Positive,FALSE
AcylCarnitine 16:0,CAR 16:0,CAR 16:0,400.4,85.1,2.5,1,30,5,Positive,FALSE
AcylCarnitine 16:0 d3 (ISTD),[D3]CAR 16:0 (ISTD),CAR 16:0,403.4,85.1,2.5,1,30,5,Positive,TRUE
AcylCarnitine 16:1,CAR 16:1,CAR 16:1,398.3,85.1,2,1,30,5,Positive,FALSE
AcylCarnitine 17:0,CAR 17:0,CAR 17:0,414.4,85.1,2.8,1,30,5,Positive,FALSE
AcylCarnitine 18:0,CAR 18:0,CAR 18:0,428.4,85.1,3.2,1,30,5,Positive,FALSE
AcylCarnitine 18:1,CAR 18:1,CAR 18:1,426.4,85.1,2.6,1,30,5,Positive,FALSE
AcylCarnitine 18:2,CAR 18:2,CAR 18:2,424.3,85.1,2.2,1,30,5,Positive,FALSE
AcylCarnitine 20:4,CAR 20:4,CAR 20:4,448.3,85.1,2.2,1,30,5,Positive,FALSE
AcylCarnitine 22:6,CAR 22:6,CAR 22:6,472.3,85.1,2.2,1,30,5,Positive,FALSE
CE 14:0,SE 27:1/14:0,SE 27:1/14:0,614.6,369.3,11.4,1,10,5,Positive,FALSE
CE 15:0,SE 27:1/15:0,SE 27:1/15:0,628.6,369.3,11.7,1,10,5,Positive,FALSE
CE 16:0,SE 27:1/16:0,SE 27:1/16:0,642.6,369.3,11.7,1,10,5,Positive,FALSE
CE 16:1,SE 27:1/16:1,SE 27:1/16:1,640.6,369.3,11.5,1,10,5,Positive,FALSE
CE 16:2,SE 27:1/16:2,SE 27:1/16:2,638.6,369.3,11.2,1,10,5,Positive,FALSE
CE 17:0,SE 27:1/17:0,SE 27:1/17:0,656.6,369.3,11.8,1,10,5,Positive,FALSE
CE 17:1,SE 27:1/17:1,SE 27:1/17:1,654.6,369.3,11.6,1,10,5,Positive,FALSE
CE 18:0,SE 27:1/18:0,SE 27:1/18:0,670.7,369.3,11.7,1,10,5,Positive,FALSE
CE 18:0 d6 (ISTD),[D6]SE 27:1/18:0 (ISTD),SE 27:1/18:0,676.7,375.3,11.8,1,10,5,Positive,TRUE
CE 18:1,SE 27:1/18:1,SE 27:1/18:1,668.6,369.3,11.7,1,10,5,Positive,FALSE
CE 18:2,SE 27:1/18:2,SE 27:1/18:2,666.6,369.3,11.5,1,10,5,Positive,FALSE
CE 18:3,SE 27:1/18:3,SE 27:1/18:3,664.6,369.3,11.3,1,10,5,Positive,FALSE
CE 20:0,SE 27:1/20:0,SE 27:1/20:0,698.7,369.3,12.3,1,10,5,Positive,FALSE
CE 20:1,SE 27:1/20:1,SE 27:1/20:1,696.7,369.3,12,1,10,5,Positive,FALSE
CE 20:2,SE 27:1/20:2,SE 27:1/20:2,694.7,369.3,11.8,1,10,5,Positive,FALSE
CE 20:3,SE 27:1/20:3,SE 27:1/20:3,692.6,369.3,11.5,1,10,5,Positive,FALSE
CE 20:4,SE 27:1/20:4,SE 27:1/20:4,690.6,369.3,11.4,1,10,5,Positive,FALSE
CE 20:5,SE 27:1/20:5,SE 27:1/20:5,688.6,369.3,11.2,1,10,5,Positive,FALSE
CE 22:0,SE 27:1/22:0,SE 27:1/22:0,726.7,369.3,12.6,1,10,5,Positive,FALSE
CE 22:1,SE 27:1/22:1,SE 27:1/22:1,724.7,369.3,12.1,1,10,5,Positive,FALSE
CE 22:4,SE 27:1/22:4,SE 27:1/22:4,718.7,369.3,11.6,1,10,5,Positive,FALSE
CE 22:5 (a\b),SE 27:1/22:5,SE 27:1/22:5,716.6,369.3,11.5,1,10,5,Positive,FALSE
CE 22:6,SE 27:1/22:6,SE 27:1/22:6,714.6,369.3,11.3,1,10,5,Positive,FALSE
CE 24:0,SE 27:1/24:0,SE 27:1/24:0,754.7,369.3,12.8,1,10,5,Positive,FALSE
CE 24:1,SE 27:1/24:1,SE 27:1/24:1,752.7,369.3,12.3,1,10,5,Positive,FALSE
CE 24:4,SE 27:1/24:4,SE 27:1/24:4,746.7,369.3,11.7,1,10,5,Positive,FALSE
CE 24:5,SE 27:1/24:5,SE 27:1/24:5,744.7,369.3,11.6,1,10,5,Positive,FALSE
CE 24:6,SE 27:1/24:6,SE 27:1/24:6,742.7,369.3,11.5,1,10,5,Positive,FALSE
Cer(d16:1/16:0),Cer 16:1;O2/16:0,Cer 16:1;O2/16:0,510.5,236.2,6.7,1,25,5,Positive,FALSE
Cer(d16:1/18:0),Cer 16:1;O2/18:0,Cer 16:1;O2/18:0,538.5,236.2,7.9,1,25,5,Positive,FALSE
Cer(d16:1/20:0),Cer 16:1;O2/20:0,Cer 16:1;O2/20:0,566.6,236.2,9.2,1,25,5,Positive,FALSE
Cer(d16:1/22:0),Cer 16:1;O2/22:0,Cer 16:1;O2/22:0,594.6,236.2,10.1,1,25,5,Positive,FALSE
Cer(d16:1/23:0),Cer 16:1;O2/23:0,Cer 16:1;O2/23:0,608.6,236.2,10.2,1,25,5,Positive,FALSE
Cer(d16:1/24:0),Cer 16:1;O2/24:0,Cer 16:1;O2/24:0,622.6,236.2,10.3,1,25,5,Positive,FALSE
Cer(d16:1/24:1),Cer 16:1;O2/24:1,Cer 16:1;O2/24:1,620.6,236.2,10.1,1,25,5,Positive,FALSE
Cer(d17:1/16:0),Cer 17:1;O2/16:0,Cer 17:1;O2/16:0,524.5,250.3,7.2,1,25,5,Positive,FALSE
Cer(d17:1/18:0),Cer 17:1;O2/18:0,Cer 17:1;O2/18:0,552.5,250.3,8.6,1,25,5,Positive,FALSE
Cer(d17:1/20:0),Cer 17:1;O2/20:0,Cer 17:1;O2/20:0,580.6,250.3,9.8,1,25,5,Positive,FALSE
Cer(d17:1/22:0),Cer 17:1;O2/22:0,Cer 17:1;O2/22:0,608.6,250.3,10.2,1,25,5,Positive,FALSE
Cer(d17:1/23:0),Cer 17:1;O2/23:0,Cer 17:1;O2/23:0,622.6,250.3,10.3,1,25,5,Positive,FALSE
Cer(d17:1/24:0),Cer 17:1;O2/24:0,Cer 17:1;O2/24:0,636.6,250.3,10.3,1,25,5,Positive,FALSE
Cer(d17:1/24:1),Cer 17:1;O2/24:1,Cer 17:1;O2/24:1,634.6,250.3,10.2,1,25,5,Positive,FALSE
Cer(d18:0/08:0) (ISTD),Cer 18:0;O2/8:0 (ISTD),Cer 18:0;O2/8:0,428.4,284.3,4.6,1,27,4,Positive,TRUE
Cer(d18:0/16:0),Cer 18:0;O2/16:0,Cer 18:0;O2/16:0,540.5,284.3,5.9,1,27,4,Positive,FALSE
Cer(d18:0/18:0),Cer 18:0;O2/18:0,Cer 18:0;O2/18:0,568.6,284.3,7.1,1,27,4,Positive,FALSE
Cer(d18:0/20:0),Cer 18:0;O2/20:0,Cer 18:0;O2/20:0,596.6,284.3,10.1,1,27,4,Positive,FALSE
Cer(d18:0/22:0),Cer 18:0;O2/22:0,Cer 18:0;O2/22:0,624.6,284.3,10.3,1,27,4,Positive,FALSE
Cer(d18:0/23:0),Cer 18:0;O2/23:0,Cer 18:0;O2/23:0,638.6,284.3,10.4,1,27,4,Positive,FALSE
Cer(d18:0/24:0),Cer 18:0;O2/24:0,Cer 18:0;O2/24:0,652.7,284.3,10.5,1,27,4,Positive,FALSE
Cer(d18:0/24:1),Cer 18:0;O2/24:1,Cer 18:0;O2/24:1,650.6,284.3,10.3,1,27,4,Positive,FALSE
Cer(d18:1/12:0) (ISTD),Cer 18:1;O2/12:0 (ISTD),Cer 18:1;O2/12:0,482.5,264.3,5.7,1.3,25,5,Positive,TRUE
Cer(d18:1/14:0),Cer 18:1;O2/14:0,Cer 18:1;O2/14:0,510.5,264.3,6.7,1,25,5,Positive,FALSE
Cer(d18:1/16:0),Cer 18:1;O2/16:0,Cer 18:1;O2/16:0,538.5,264.3,7.8,1,25,5,Positive,FALSE
Cer(d18:1/18:0),Cer 18:1;O2/18:0,Cer 18:1;O2/18:0,566.6,264.3,9.1,1,25,5,Positive,FALSE
Cer(d18:1/19:0),Cer 18:1;O2/19:0,Cer 18:1;O2/19:0,580.6,264.3,9.6,1,25,5,Positive,FALSE
Cer(d18:1/20:0),Cer 18:1;O2/20:0,Cer 18:1;O2/20:0,594.6,264.3,10,1,25,5,Positive,FALSE
Cer(d18:1/21:0),Cer 18:1;O2/21:0,Cer 18:1;O2/21:0,608.6,264.3,10.1,1,25,5,Positive,FALSE
Cer(d18:1/22:0),Cer 18:1;O2/22:0,Cer 18:1;O2/22:0,622.6,264.3,10.2,1,25,5,Positive,FALSE
Cer(d18:1/23:0),Cer 18:1;O2/23:0,Cer 18:1;O2/23:0,636.6,264.3,10.3,1,25,5,Positive,FALSE
Cer(d18:1/24:0),Cer 18:1;O2/24:0,Cer 18:1;O2/24:0,650.6,264.3,10.4,1,25,5,Positive,FALSE
Cer(d18:1/24:1),Cer 18:1;O2/24:1,Cer 18:1;O2/24:1,648.6,264.3,10.2,1,25,5,Positive,FALSE
Cer(d18:1/25:0) (ISTD),Cer 18:1;O2/25:0 (ISTD),Cer 18:1;O2/25:0,664.7,264.3,10.5,1,25,5,Positive,TRUE
Cer(d18:1/26:0),Cer 18:1;O2/26:0,Cer 18:1;O2/26:0,678.6,264.3,10.6,2,25,5,Positive,FALSE
Cer(d18:2/14:0),Cer 18:2;O2/14:0,Cer 18:2;O2/14:0,508.5,262.3,5.8,1,25,5,Positive,FALSE
Cer(d18:2/16:0),Cer 18:2;O2/16:0,Cer 18:2;O2/16:0,536.5,262.3,6.9,1,25,5,Positive,FALSE
Cer(d18:2/17:0),Cer 18:2;O2/17:0,Cer 18:2;O2/17:0,550.5,262.3,7.6,1,25,5,Positive,FALSE
Cer(d18:2/18:0),Cer 18:2;O2/18:0,Cer 18:2;O2/18:0,564.6,262.3,8.1,1,25,5,Positive,FALSE
Cer(d18:2/20:0),Cer 18:2;O2/20:0,Cer 18:2;O2/20:0,592.6,262.3,9.4,1,25,5,Positive,FALSE
Cer(d18:2/21:0),Cer 18:2;O2/21:0,Cer 18:2;O2/21:0,606.6,262.3,9.8,1,25,5,Positive,FALSE
Cer(d18:2/22:0),Cer 18:2;O2/22:0,Cer 18:2;O2/22:0,620.6,262.3,10.1,1,25,5,Positive,FALSE
Cer(d18:2/23:0),Cer 18:2;O2/23:0,Cer 18:2;O2/23:0,634.6,262.3,10.2,1,25,5,Positive,FALSE
Cer(d18:2/24:0),Cer 18:2;O2/24:0,Cer 18:2;O2/24:0,648.6,262.3,10.3,1,25,5,Positive,FALSE
Cer(d18:2/24:1),Cer 18:2;O2/24:1,Cer 18:2;O2/24:1,646.6,262.3,10.1,1,25,5,Positive,FALSE
Cer(d18:2/26:0),Cer 18:2;O2/26:0,Cer 18:2;O2/26:0,676.6,262.3,10.4,1,25,5,Positive,FALSE
Cer(d19:1/16:0),Cer 19:1;O2/16:0,Cer 19:1;O2/16:0,552.6,278.3,8.2,1,25,5,Positive,FALSE
Cer(d19:1/18:0),Cer 19:1;O2/18:0,Cer 19:1;O2/18:0,580.6,278.3,9.5,1,25,5,Positive,FALSE
Cer(d19:1/20:0),Cer 19:1;O2/20:0,Cer 19:1;O2/20:0,608.6,278.3,10,1,25,5,Positive,FALSE
Cer(d19:1/22:0),Cer 19:1;O2/22:0,Cer 19:1;O2/22:0,636.6,278.3,10.3,1,25,5,Positive,FALSE
Cer(d19:1/23:0),Cer 19:1;O2/23:0,Cer 19:1;O2/23:0,650.6,278.3,10.4,1,25,5,Positive,FALSE
Cer(d19:1/24:0),Cer 19:1;O2/24:0,Cer 19:1;O2/24:0,664.6,278.3,10.6,1,25,5,Positive,FALSE
Cer(d19:1/24:1),Cer 19:1;O2/24:1,Cer 19:1;O2/24:1,662.6,278.3,10.3,1,25,5,Positive,FALSE
Cer(d19:1/26:0),Cer 19:1;O2/26:0,Cer 19:1;O2/26:0,692.6,278.3,10.8,1,25,5,Positive,FALSE
Cer(d20:1/22:0),Cer 20:1;O2/22:0,Cer 20:1;O2/22:0,650.6,292.3,10.4,1,25,5,Positive,FALSE
Cer(d20:1/23:0),Cer 20:1;O2/23:0,Cer 20:1;O2/23:0,664.6,292.3,10.5,1,25,5,Positive,FALSE
Cer(d20:1/24:0),Cer 20:1;O2/24:0,Cer 20:1;O2/24:0,678.6,292.3,10.6,1,25,5,Positive,FALSE
Cer(d20:1/24:1),Cer 20:1;O2/24:1,Cer 20:1;O2/24:1,676.6,292.3,10.4,1,25,5,Positive,FALSE
Cer(d20:1/26:0),Cer 20:1;O2/26:0,Cer 20:1;O2/26:0,706.6,292.3,10.8,1,25,5,Positive,FALSE
Cer(m17:0/16:0),Cer 17:0;O/16:0,Cer 17:0;O/16:0,510.6,254.4,7.2,1,35,5,Positive,FALSE
Cer(m17:0/18:0),Cer 17:0;O/18:0,Cer 17:0;O/18:0,538.6,254.4,8.4,1,35,5,Positive,FALSE
Cer(m17:0/20:0),Cer 17:0;O/20:0,Cer 17:0;O/20:0,566.6,254.4,9.4,1,35,5,Positive,FALSE
Cer(m17:0/22:0),Cer 17:0;O/22:0,Cer 17:0;O/22:0,594.6,254.4,10.1,1,35,5,Positive,FALSE
Cer(m17:0/23:0),Cer 17:0;O/23:0,Cer 17:0;O/23:0,608.6,254.4,10.2,1,35,5,Positive,FALSE
Cer(m17:0/24:0),Cer 17:0;O/24:0,Cer 17:0;O/24:0,622.6,254.4,10.3,1,35,5,Positive,FALSE
Cer(m17:0/24:1),Cer 17:0;O/24:1,Cer 17:0;O/24:1,620.6,254.4,10.1,1,35,5,Positive,FALSE
Cer(m18:0/20:0),Cer 18:0;O/20:0,Cer 18:0;O/20:0,580.6,268.4,10.2,1,35,5,Positive,FALSE
Cer(m18:0/22:0),Cer 18:0;O/22:0,Cer 18:0;O/22:0,608.6,268.4,10.4,1,35,5,Positive,FALSE
Cer(m18:0/23:0),Cer 18:0;O/23:0,Cer 18:0;O/23:0,622.6,268.4,10.5,1,35,5,Positive,FALSE
Cer(m18:0/24:0),Cer 18:0;O/24:0,Cer 18:0;O/24:0,636.6,268.4,10.6,1,35,5,Positive,FALSE
Cer(m18:0/24:1),Cer 18:0;O/24:1,Cer 18:0;O/24:1,634.6,268.4,10.4,1,35,5,Positive,FALSE
Cer(m18:1/12:0) (ISTD),Cer 18:1;O/12:0 (ISTD),Cer 18:1;O/12:0,466.5,266.4,6.5,1.5,35,5,Positive,TRUE
Cer(m18:1/18:0),Cer 18:1;O/18:0,Cer 18:1;O/18:0,550.6,266.4,9.6,1.5,35,5,Positive,FALSE
Cer(m18:1/20:0),Cer 18:1;O/20:0,Cer 18:1;O/20:0,578.6,266.4,10.1,1,35,5,Positive,FALSE
Cer(m18:1/22:0),Cer 18:1;O/22:0,Cer 18:1;O/22:0,606.6,266.4,10.3,1,35,5,Positive,FALSE
Cer(m18:1/23:0),Cer 18:1;O/23:0,Cer 18:1;O/23:0,620.6,266.4,10.3,1,35,5,Positive,FALSE
Cer(m18:1/24:0),Cer 18:1;O/24:0,Cer 18:1;O/24:0,634.6,266.4,10.4,1,35,5,Positive,FALSE
Cer(m18:1/24:1),Cer 18:1;O/24:1,Cer 18:1;O/24:1,632.6,266.4,10.3,1,35,5,Positive,FALSE
Cer(m18:2/16:0),Cer 18:2;O/16:0,Cer 18:2;O/16:0,520.6,264.4,7.8,1,35,5,Positive,FALSE
Cer(m18:2/18:0),Cer 18:2;O/18:0,Cer 18:2;O/18:0,548.6,264.4,9.1,1,35,5,Positive,FALSE
Cer(m18:2/20:0),Cer 18:2;O/20:0,Cer 18:2;O/20:0,576.6,264.4,10,1,35,5,Positive,FALSE
Cer(m18:2/22:0),Cer 18:2;O/22:0,Cer 18:2;O/22:0,604.6,264.4,10.2,1,35,5,Positive,FALSE
Cer(m18:2/23:0),Cer 18:2;O/23:0,Cer 18:2;O/23:0,618.6,264.4,10.3,1,35,5,Positive,FALSE
Cer(m18:2/24:0),Cer 18:2;O/24:0,Cer 18:2;O/24:0,632.6,264.4,10.4,1,35,5,Positive,FALSE
Cer(m18:2/24:1),Cer 18:2;O/24:1,Cer 18:2;O/24:1,630.6,264.4,10.3,1,35,5,Positive,FALSE
Cer1P(d18:1/12:0) (ISTD),CerP 18:1;O2/12:0 (ISTD),CerP 18:1;O2/12:0,562.4,264.3,4.7,1.6,29,4,Positive,TRUE
Cer1P(d18:1/16:0),CerP 18:1;O2/16:0,CerP 18:1;O2/16:0,618.4,264.3,5.7,2,29,4,Positive,FALSE
CL 14:0 (ISTD) Neg,,CL 14:0,1239.8,227.2,10.3,1,50,7,Negative,TRUE
CL 14:0 (ISTD) Pos,CL 14:0 (ISTD),CL 14:0,1241.8,495.5,10.3,1,25,5,Positive,TRUE
COH [161],ST 27:1;O,ST 27:1;O,369.4,161.2,6.5,1,19,5,Positive,FALSE
COH d7 [161] (ISTD),[D7]ST 27:1;O (ISTD),ST 27:1;O,376.4,161.2,6.5,1,19,5,Positive,TRUE
COH d7 [95] (ISTD),,ST 27:1;O,376.4,95.2,6.5,1,38,5,Positive,TRUE
DE(16:0),SE 27:2/16:0,SE 27:2/16:0,640.8,367.4,10.2,1,10,4,Positive,FALSE
DE(18:1),SE 27:2/18:1,SE 27:2/18:1,666.8,367.4,11.5,1,10,4,Positive,FALSE
DE(18:1) ester d6 (ISTD)*,[D6]SE 27:2/18:1 (ISTD),SE 27:2/18:1,672.7,373.4,11.5,1,10,4,Positive,TRUE
DE(18:2),SE 27:2/18:2,SE 27:2/18:2,664.6,367.4,11.3,1,10,4,Positive,FALSE
DE(20:4),SE 27:2/20:4,SE 27:2/20:4,688.6,367.4,11.1,1,10,4,Positive,FALSE
DE(20:5),SE 27:2/20:5,SE 27:2/20:5,686.6,367.4,11,1,10,4,Positive,FALSE
DE(22:6),SE 27:2/22:6,SE 27:2/22:6,712.6,367.4,11.3,1,10,4,Positive,FALSE
Dehydrocholesterol,SE 27:2;O,SE 27:2;O,402.4,367.4,6,1.5,10,4,Positive,FALSE
Dehydrocholesterol-d7 (ISTD)*,[D7]SE 27:2;O (ISTD),SE 27:2;O,367.4,159.2,6,1.5,10,4,Positive,TRUE
Dehydrocholesterol-d7 (ISTD)* [159],,SE 27:2;O,409.4,374.4,6,1.5,10,4,Positive,TRUE
Dehydrocholesterol [159],,SE 27:2;O,374.4,159.2,6,1.5,10,4,Positive,FALSE
DG 30:0 (15:0_15:0) [NL-15:0] (ISTD),DG 15:0_15:0 (ISTD),DG 15:0_15:0,558.5,299.2,8.9,1.4,25,5,Positive,TRUE
DG 30:0 [NL-14:0],DG 14:0_16:0,DG 14:0_16:0,558.5,313.3,8.9,1.4,25,5,Positive,FALSE
DG 32:0 [NL-16:0],DG 16:0_16:0,DG 16:0_16:0,586.5,313.2,10,1.4,25,5,Positive,FALSE
DG 32:1 [NL-16:1],DG 16:1_16:0,DG 16:1_16:0,584.5,313.2,9,1.4,25,5,Positive,FALSE
DG 32:2 [NL-18:2],DG 18:2_14:0,DG 18:2_14:0,582.5,285.2,8.1,1.4,25,5,Positive,FALSE
DG 34:1 [NL-18:1],DG 18:1_16:0,DG 18:1_16:0,612.6,313.3,10,1.4,25,5,Positive,FALSE
DG 34:2 [NL-16:1],DG 16:1_18:1,DG 16:1_18:1,610.5,339.2,9.3,1.4,25,5,Positive,FALSE
DG 34:2 [NL-18:2],DG 18:2_16:0,DG 18:2_16:0,610.5,313.2,9.3,1.4,25,5,Positive,FALSE
DG 36:1 [NL-18:1],DG 18:1_18:0,DG 18:1_18:0,640.6,341.3,10.4,1.4,25,5,Positive,FALSE
DG 36:2 [NL-18:1],DG 18:1_18:1,DG 18:1_18:1,638.6,339.3,10.1,1.4,25,5,Positive,FALSE
DG 36:2 [NL-18:2],DG 18:2_18:0,DG 18:2_18:0,638.6,341.3,10.1,1.4,25,5,Positive,FALSE
DG 36:3 [NL-18:2],DG 18:2_18:1,DG 18:2_18:1,636.6,339.3,9.6,1.4,25,5,Positive,FALSE
DG 36:4 [NL-18:2],DG 18:2_18:2,DG 18:2_18:2,634.5,337.2,8.6,1.4,25,5,Positive,FALSE
DG 36:4 [NL-18:3],DG 18:3_18:1,DG 18:3_18:1,634.5,339.2,8.7,1.4,25,5,Positive,FALSE
DG 36:4 [NL-20:4],DG 20:4_16:0,DG 20:4_16:0,634.5,313.2,9.3,1.4,25,5,Positive,FALSE
DG 38:3 [NL-18:3],DG 18:3_20:0,DG 18:3_20:0,664.6,369.4,10.5,1.4,25,5,Positive,FALSE
DG 38:3 [NL-20:3],DG 20:3_18:0,DG 20:3_18:0,664.6,341.3,10.5,1.4,25,5,Positive,FALSE
DG 38:4 [NL-20:3],DG 20:3_18:1,DG 20:3_18:1,662.6,339.3,10,1.4,25,5,Positive,FALSE
DG 38:4 [NL-20:4],DG 20:4_18:0,DG 20:4_18:0,662.6,341.3,10.1,1.4,25,5,Positive,FALSE
DG 38:5 [NL-20:4],DG 20:4_18:1,DG 20:4_18:1,660.6,339.3,9.5,1.4,25,5,Positive,FALSE
DG 38:5 [NL-22:5],DG 22:5_16:0,DG 22:5_16:0,660.6,313.3,9.8,1.4,25,5,Positive,FALSE
DG 38:6 [NL-20:4],DG 20:4_18:2,DG 20:4_18:2,658.5,337.2,8.5,1.4,25,5,Positive,FALSE
DG 38:6 [NL-20:5],DG 20:5_18:1,DG 20:5_18:1,658.6,339.3,8.8,1,25,5,Positive,FALSE
DG 38:6 [NL-22:6],DG 22:6_16:0,DG 22:6_16:0,658.5,313.2,9,1.4,25,5,Positive,FALSE
DG 40:6 [NL-22:5],DG 22:5_18:1,DG 22:5_18:1,686.6,339.3,9.9,1,25,5,Positive,FALSE
DG 40:6 [NL-22:6],DG 22:6_18:0,DG 22:6_18:0,686.6,341.3,9.4,1,25,5,Positive,FALSE
DG 40:7 [NL-22:6],DG 22:6_18:1,DG 22:6_18:1,684.6,339.3,9.1,1,25,5,Positive,FALSE
DG 40:8 [NL-22:6],DG 22:6_18:2,DG 22:6_18:2,682.6,337.3,8.4,1,25,5,Positive,FALSE
GM1(d18:1/16:0),Hex(3)-HexNAc-NeuAc-Cer 18:1;O2/16:0,GM1(d18:1/16:0),759.9,366.2,4.9,2,9,3,Positive,FALSE
GM3(d18:1/16:0),NeuAcHex2Cer 18:1;O2/16:0,GM3(d18:1/16:0),1153.7,264.3,5,2,61,5,Positive,FALSE
GM3(d18:1/18:0),NeuAcHex2Cer 18:1;O2/18:0,GM3(d18:1/18:0),1181.8,264.3,5.8,2,61,5,Positive,FALSE
GM3(d18:1/20:0),NeuAcHex2Cer 18:1;O2/20:0,GM3(d18:1/20:0),1209.8,264.3,6.7,2,61,5,Positive,FALSE
GM3(d18:1/22:0),NeuAcHex2Cer 18:1;O2/22:0,GM3(d18:1/22:0),1237.8,264.3,7.7,2,61,5,Positive,FALSE
GM3(d18:1/24:0),NeuAcHex2Cer 18:1;O2/24:0,GM3(d18:1/24:0),1265.8,264.3,8.8,2,61,5,Positive,FALSE
GM3(d18:1/24:1),NeuAcHex2Cer 18:1;O2/24:1,GM3(d18:1/24:1),1263.8,264.3,7.7,2,61,5,Positive,FALSE
GM3(d18:2/24:1),NeuAcHex2Cer 18:2;O2/24:1,GM3(d18:2/24:1),1261.8,262.3,6.9,2,61,5,Positive,FALSE
GM3(d20:1/18:0),NeuAcHex2Cer 20:1;O2/18:0,GM3(d20:1/18:0),1209.8,292.3,6.5,2,61,5,Positive,FALSE
Hex1Cer Glu-Cer(d18:1/12:0) [264] (ISTD),HexCer 18:1;O2/12:0 (ISTD),HexCer 18:1;O2/12:0,644.5,264.3,4.9,1,35,5,Positive,TRUE
Hex1Cer(d16:1/18:0),HexCer 16:1;O2/18:0,HexCer 16:1;O2/18:0,700.6,236.3,6.6,1,35,5,Positive,FALSE
Hex1Cer(d16:1/20:0),HexCer 16:1;O2/20:0,HexCer 16:1;O2/20:0,728.6,236.3,7.7,1,35,5,Positive,FALSE
Hex1Cer(d16:1/22:0),HexCer 16:1;O2/22:0,HexCer 16:1;O2/22:0,756.7,236.3,9,1,35,5,Positive,FALSE
Hex1Cer(d16:1/24:0),HexCer 16:1;O2/24:0,HexCer 16:1;O2/24:0,784.7,236.3,10,1,35,5,Positive,FALSE
Hex1Cer(d18:1/16:0),HexCer 18:1;O2/16:0,HexCer 18:1;O2/16:0,700.6,264.3,6.6,1,35,5,Positive,FALSE
Hex1Cer(d18:1/16:1) **,HexCer 18:1;O2/16:1,HexCer 18:1;O2/16:1,698.6,264.3,6.3,2,35,5,Positive,FALSE
Hex1Cer(d18:1/18:0),HexCer 18:1;O2/18:0,HexCer 18:1;O2/18:0,728.6,264.3,7.7,1,35,5,Positive,FALSE
Hex1Cer(d18:1/20:0),HexCer 18:1;O2/20:0,HexCer 18:1;O2/20:0,756.6,264.3,8.9,1,35,5,Positive,FALSE
Hex1Cer(d18:1/22:0),HexCer 18:1;O2/22:0,HexCer 18:1;O2/22:0,784.7,264.3,10,1,35,5,Positive,FALSE
Hex1Cer(d18:1/22:1) **,HexCer 18:1;O2/22:1,HexCer 18:1;O2/22:1,782.7,264.3,9.4,2,35,5,Positive,FALSE
Hex1Cer(d18:1/23:0) **,HexCer 18:1;O2/23:0,HexCer 18:1;O2/23:0,798.7,264.3,10.1,1,35,5,Positive,FALSE
Hex1Cer(d18:1/24:0),HexCer 18:1;O2/24:0,HexCer 18:1;O2/24:0,812.7,264.3,10.2,1,35,5,Positive,FALSE
Hex1Cer(d18:1/24:1),HexCer 18:1;O2/24:1,HexCer 18:1;O2/24:1,810.7,264.3,10,1,35,5,Positive,FALSE
Hex1Cer(d18:1/24:2) **,HexCer 18:1;O2/24:2,HexCer 18:1;O2/24:2,808.7,264.3,9.8,2,35,5,Positive,FALSE
Hex1Cer(d18:1/25:0) ** (a/b),HexCer 18:1;O2/25:0,HexCer 18:1;O2/25:0,826.7,264.3,10.3,2,35,5,Positive,FALSE
Hex1Cer(d18:1/25:1) **,HexCer 18:1;O2/25:1,HexCer 18:1;O2/25:1,824.7,264.3,10.1,2,35,5,Positive,FALSE
Hex1Cer(d18:1/26:0) **,HexCer 18:1;O2/26:0,HexCer 18:1;O2/26:0,840.7,264.3,10.3,2,35,5,Positive,FALSE
Hex1Cer(d18:1/26:1) **,HexCer 18:1;O2/26:1,HexCer 18:1;O2/26:1,838.7,264.3,10.2,2,35,5,Positive,FALSE
Hex1Cer(d18:2/18:0),HexCer 18:2;O2/18:0,HexCer 18:2;O2/18:0,726.6,262.3,6.8,1,35,5,Positive,FALSE
Hex1Cer(d18:2/20:0),HexCer 18:2;O2/20:0,HexCer 18:2;O2/20:0,754.6,262.3,7.9,1,35,5,Positive,FALSE
Hex1Cer(d18:2/22:0),HexCer 18:2;O2/22:0,HexCer 18:2;O2/22:0,782.7,262.3,9.3,1,35,5,Positive,FALSE
Hex1Cer(d18:2/24:0),HexCer 18:2;O2/24:0,HexCer 18:2;O2/24:0,810.7,262.3,10,1,35,5,Positive,FALSE
Hex2Cer Lac-Cer(d18:1/12:0) [264] (ISTD),Hex2Cer 18:1;O2/12:0 (ISTD),Hex2Cer 18:1;O2/12:0,806.6,264.2,4.5,1,49,5,Positive,TRUE
Hex2Cer(d16:1/16:0),Hex2Cer 16:1;O2/16:0,Hex2Cer 16:1;O2/16:0,834.6,236.3,5.3,1,49,5,Positive,FALSE
Hex2Cer(d16:1/24:1),Hex2Cer 16:1;O2/24:1,Hex2Cer 16:1;O2/24:1,944.7,236.3,8.4,1,49,5,Positive,FALSE
Hex2Cer(d18:1/16:0),Hex2Cer 18:1;O2/16:0,Hex2Cer 18:1;O2/16:0,862.6,264.3,6.2,1.2,49,5,Positive,FALSE
Hex2Cer(d18:1/18:0),Hex2Cer 18:1;O2/18:0,Hex2Cer 18:1;O2/18:0,890.7,264.3,8.2,1,49,5,Positive,FALSE
Hex2Cer(d18:1/20:0),Hex2Cer 18:1;O2/20:0,Hex2Cer 18:1;O2/20:0,918.7,264.3,8.3,1,49,5,Positive,FALSE
Hex2Cer(d18:1/22:0),Hex2Cer 18:1;O2/22:0,Hex2Cer 18:1;O2/22:0,946.7,264.3,9.5,1,49,5,Positive,FALSE
Hex2Cer(d18:1/24:0),Hex2Cer 18:1;O2/24:0,Hex2Cer 18:1;O2/24:0,974.8,264.3,10.1,1,49,5,Positive,FALSE
Hex2Cer(d18:1/24:1),Hex2Cer 18:1;O2/24:1,Hex2Cer 18:1;O2/24:1,972.7,264.3,9.5,1.4,49,5,Positive,FALSE
Hex2Cer(d18:1/24:2) **,Hex2Cer 18:1;O2/24:2,Hex2Cer 18:1;O2/24:2,970.7,264.3,8.5,2,49,5,Positive,FALSE
Hex2Cer(d18:2/16:0),Hex2Cer 18:2;O2/16:0,Hex2Cer 18:2;O2/16:0,860.6,262.3,5.4,1,49,5,Positive,FALSE
Hex2Cer(d18:2/18:0),Hex2Cer 18:2;O2/18:0,Hex2Cer 18:2;O2/18:0,888.7,262.3,6.3,1.4,49,5,Positive,FALSE
Hex2Cer(d18:2/24:1),Hex2Cer 18:2;O2/24:1,Hex2Cer 18:2;O2/24:1,970.7,262.3,8.6,1,49,5,Positive,FALSE
Hex3Cer(d18:1/16:0),Hex3Cer 18:1;O2/16:0,Hex3Cer 18:1;O2/16:0,1024.7,264.3,5.8,1.4,61,5,Positive,FALSE
Hex3Cer(d18:1/18:0),Hex3Cer 18:1;O2/18:0,Hex3Cer 18:1;O2/18:0,1052.7,264.3,6.7,1,61,5,Positive,FALSE
Hex3Cer(d18:1/20:0),Hex3Cer 18:1;O2/20:0,Hex3Cer 18:1;O2/20:0,1080.7,264.3,7.7,1.4,61,5,Positive,FALSE
Hex3Cer(d18:1/22:0),Hex3Cer 18:1;O2/22:0,Hex3Cer 18:1;O2/22:0,1108.8,264.3,9,1.4,61,5,Positive,FALSE
Hex3Cer(d18:1/24:0),Hex3Cer 18:1;O2/24:0,Hex3Cer 18:1;O2/24:0,1136.8,264.3,10,1.4,61,5,Positive,FALSE
Hex3Cer(d18:1/24:1),Hex3Cer 18:1;O2/24:1,Hex3Cer 18:1;O2/24:1,1134.8,264.3,9,1.4,61,5,Positive,FALSE
LPC 13:0 (ISTD),LPC 13:0 (ISTD),LPC 13:0,454.3,184.1,1.7,1,21,5,Positive,TRUE
LPC 14:0,LPC 14:0,LPC 14:0,468.3,184.1,2,1,21,5,Positive,FALSE
LPC 15:0,LPC 15:0,LPC 15:0,482.3,184.1,2.4,1,21,5,Positive,FALSE
LPC 16:0,LPC 16:0,LPC 16:0,496.3,184.1,2.7,1,21,5,Positive,FALSE
LPC 16:1,LPC 16:1,LPC 16:1,494.3,184.1,2.2,1,21,5,Positive,FALSE
LPC 17:0,LPC 17:0,LPC 17:0,510.3,184.1,3,1,21,5,Positive,FALSE
LPC 17:1,LPC 17:1,LPC 17:1,508.3,184.1,2.5,1,21,5,Positive,FALSE
LPC 18:0,LPC 18:0,LPC 18:0,524.4,184.1,3.4,1,21,5,Positive,FALSE
LPC 18:1,LPC 18:1,LPC 18:1,522.4,184.1,2.8,1,21,5,Positive,FALSE
LPC 18:2,LPC 18:2,LPC 18:2,520.3,184.1,2.4,1,21,5,Positive,FALSE
LPC 18:3,LPC 18:3,LPC 18:3,518.3,184.1,2,1,21,5,Positive,FALSE
LPC 19:0,LPC 19:0,LPC 19:0,538.4,184.1,3.6,1,21,5,Positive,FALSE
LPC 19:1,LPC 19:1,LPC 19:1,536.4,184.1,3.1,1,21,5,Positive,FALSE
LPC 20:0,LPC 20:0,LPC 20:0,552.4,184.1,3.9,1,21,5,Positive,FALSE
LPC 20:1,LPC 20:1,LPC 20:1,550.4,184.1,3.4,1,21,5,Positive,FALSE
LPC 20:2,LPC 20:2,LPC 20:2,548.4,184.1,3,1,21,5,Positive,FALSE
LPC 20:3,LPC 20:3,LPC 20:3,546.4,184.1,2.6,1,21,5,Positive,FALSE
LPC 20:4,LPC 20:4,LPC 20:4,544.3,184.1,2.4,1,21,5,Positive,FALSE
LPC 20:5,LPC 20:5,LPC 20:5,542.3,184.1,2,1,21,5,Positive,FALSE
LPC 22:0,LPC 22:0,LPC 22:0,580.4,184.1,4.5,1,21,5,Positive,FALSE
LPC 22:1,LPC 22:1,LPC 22:1,578.4,184.1,3.9,1,21,5,Positive,FALSE
LPC 22:4,LPC 22:4,LPC 22:4,572.4,184.1,2.9,1,21,5,Positive,FALSE
LPC 22:5 (a\b\c),LPC 22:5,LPC 22:5,570.4,184.1,2.5,1,21,5,Positive,FALSE
LPC 22:6,LPC 22:6,LPC 22:6,568.3,184.1,2.3,1,21,5,Positive,FALSE
LPC 24:0,LPC 24:0,LPC 24:0,608.5,184.1,5.2,1,21,5,Positive,FALSE
LPC 26:0,LPC 26:0,LPC 26:0,636.5,184.1,6.1,1,21,5,Positive,FALSE
LPC O-16:0,LPC O-16:0,LPC O-16:0,482.4,104.1,3,3,23,5,Positive,FALSE
LPC O-18:0,LPC O-18:0,LPC O-18:0,510.4,104.1,3.6,3,23,5,Positive,FALSE
LPC O-18:1,LPC O-18:1,LPC O-18:1,508.4,104.1,3.1,3,23,5,Positive,FALSE
LPC O-20:0,LPC O-20:0,LPC O-20:0,538.4,104.1,4.1,3,23,5,Positive,FALSE
LPC O-20:1,LPC O-20:1,LPC O-20:1,536.4,104.1,3.7,3,23,5,Positive,FALSE
LPC O-22:0,LPC O-22:0,LPC O-22:0,566.5,104.1,4.8,2,23,5,Positive,FALSE
LPC O-22:1,LPC O-22:1,LPC O-22:1,564.4,104.1,4.2,2,23,5,Positive,FALSE
LPC O-24:0,LPC O-24:0,LPC O-24:0,594.5,104.1,5.7,1,23,5,Positive,FALSE
LPC O-24:1,LPC O-24:1,LPC O-24:1,592.5,104.1,4.8,2,23,5,Positive,FALSE
LPC O-24:2,LPC O-24:2,LPC O-24:2,590.5,104.1,4.3,2,23,5,Positive,FALSE
LPC P-16:0,LPC P-16:0,LPC P-16:0,480.3,104.1,3,1,25,5,Positive,FALSE
LPC P-17:0 (a\b),LPC P-17:0,LPC P-17:0,494.3,104.1,3.2,1,25,5,Positive,FALSE
LPC P-18:0,LPC P-18:0,LPC P-18:0,508.3,104.1,3.6,1,25,5,Positive,FALSE
LPC P-18:1,LPC P-18:1,LPC P-18:1,506.3,104.1,3.1,1,25,5,Positive,FALSE
LPC P-20:0,LPC P-20:0,LPC P-20:0,536.3,104.1,3.8,1,25,5,Positive,FALSE
LPE 14:0 (ISTD),LPE 14:0 (ISTD),LPE 14:0,426.3,285.2,2.1,1,17,5,Positive,TRUE
LPE 16:0,LPE 16:0,LPE 16:0,454.3,313.3,2.8,1,17,5,Positive,FALSE
LPE 17:0,LPE 17:0,LPE 17:0,468.3,327.3,3.2,1,17,5,Positive,FALSE
LPE 18:0,LPE 18:0,LPE 18:0,482.3,341.3,3.5,1,17,5,Positive,FALSE
LPE 18:1,LPE 18:1,LPE 18:1,480.3,339.3,3,1,17,5,Positive,FALSE
LPE 18:2,LPE 18:2,LPE 18:2,478.3,337.3,2.5,1,17,5,Positive,FALSE
LPE 20:4,LPE 20:4,LPE 20:4,502.3,361.3,2.5,1,17,5,Positive,FALSE
LPE 22:6,LPE 22:6,LPE 22:6,526.3,385.3,2.3,1,17,5,Positive,FALSE
LPE P-16:0,LPE P-16:0,LPE P-16:0,438.3,266.4,3.1,1,19,5,Positive,FALSE
LPE P-18:0,LPE P-18:0,LPE P-18:0,466.3,294.4,3.7,1,19,5,Positive,FALSE
LPE P-18:1,LPE P-18:1,LPE P-18:1,464.3,292.4,3.2,1,19,5,Positive,FALSE
LPE P-20:0,LPE P-20:0,LPE P-20:0,494.3,322.4,4.3,1,19,5,Positive,FALSE
LPI 18:0,LPI 18:0,LPI 18:0,618.3,341.3,3,1,21,5,Positive,FALSE
LPI 18:1,LPI 18:1,LPI 18:1,616.3,339.3,2.5,1,21,5,Positive,FALSE
LPI 18:2,LPI 18:2,LPI 18:2,614.3,337.3,2,1,21,5,Positive,FALSE
LPI 20:4,LPI 20:4,LPI 20:4,638.3,361.3,1.9,1,21,5,Positive,FALSE
LPS 16:0,LPS 16:0,LPS 16:0,498.3,313.3,2.7,1,23,5,Positive,FALSE
LPS 18:0,LPS 18:0,LPS 18:0,526.3,341.3,3,1,23,5,Positive,FALSE
LPS 18:1,LPS 18:1,LPS 18:1,524.3,339.3,2.5,1,23,5,Positive,FALSE
LPS 18:2,LPS 18:2,LPS 18:2,522.3,337.3,2.4,1,23,5,Positive,FALSE
PC 26:0 (13:0_13:0) (ISTD),PC 26:0 (ISTD),PC 26:0,650.5,184.1,4.6,1,25,5,Positive,TRUE
PC 28:0,PC 28:0,PC 28:0,678.5,184.1,5.3,1,25,5,Positive,FALSE
PC 28:1,PC 28:1,PC 28:1,676.5,184.1,4.8,1,25,5,Positive,FALSE
PC 30:0,PC 30:0,PC 30:0,706.5,184.1,6.4,1,25,5,Positive,FALSE
PC 30:1,PC 30:1,PC 30:1,704.5,184.1,6.1,1,25,5,Positive,FALSE
PC 30:2,PC 30:2,PC 30:2,702.5,184.1,5.4,1,25,5,Positive,FALSE
PC 31:0 (a\b),PC 31:0,PC 31:0,720.6,184.1,6.9,1,25,5,Positive,FALSE
PC 31:1,PC 31:1,PC 31:1,718.5,184.1,6.1,1,25,5,Positive,FALSE
PC 32:0,PC 32:0,PC 32:0,734.6,184.1,7.1,1,25,5,Positive,FALSE
PC 32:1,PC 32:1,PC 32:1,732.6,184.1,6.3,1,25,5,Positive,FALSE
PC 32:2,PC 32:2,PC 32:2,730.5,184.1,5.6,1,25,5,Positive,FALSE
PC 32:3,PC 32:3,PC 32:3,728.5,184.1,5.1,1,25,5,Positive,FALSE
PC 33:0 (a\b),PC 33:0,PC 33:0,748.6,184.1,7.6,1.2,25,5,Positive,FALSE
PC 33:1,PC 33:1,PC 33:1,746.6,184.1,6.8,1,25,5,Positive,FALSE
PC 33:2,PC 33:2,PC 33:2,744.6,184.1,6.1,1,25,5,Positive,FALSE
PC 34:0,PC 34:0,PC 34:0,762.6,184.1,8.2,1,25,5,Positive,FALSE
PC 34:1,PC 34:1,PC 34:1,760.6,184.1,7.3,1,25,5,Positive,FALSE
PC 34:2,PC 34:2,PC 34:2,758.6,184.1,6.5,1,25,5,Positive,FALSE
PC 34:3 (a\b\c),PC 34:3,PC 34:3,756.6,184.1,6.1,1.2,25,5,Positive,FALSE
PC 34:4,PC 34:4,PC 34:4,754.5,184.1,5.6,1,25,5,Positive,FALSE
PC 34:5,PC 34:5,PC 34:5,752.5,184.1,5.4,1,25,5,Positive,FALSE
PC 35:1 (a\b),PC 35:1,PC 35:1,774.6,184.1,7.9,1.2,25,5,Positive,FALSE
PC 35:2 (a\b),PC 35:2,PC 35:2,772.6,184.1,7.1,1.2,25,5,Positive,FALSE
PC 35:3 (a\b),PC 35:3,PC 35:3,770.6,184.1,6.5,3,25,5,Positive,FALSE
PC 35:4,PC 35:4,PC 35:4,768.6,184.1,6,1,25,5,Positive,FALSE
PC 35:5,PC 35:5,PC 35:5,766.5,184.1,5.6,1,25,5,Positive,FALSE
PC 36:0,PC 36:0,PC 36:0,790.6,184.1,9.6,1,25,5,Positive,FALSE
PC 36:1,PC 36:1,PC 36:1,788.6,184.1,8.6,1,25,5,Positive,FALSE
PC 36:2 (a\b),PC 36:2,PC 36:2,786.6,184.1,7.6,1,25,5,Positive,FALSE
PC 36:3 (a\b\c),PC 36:3,PC 36:3,784.6,184.1,6.8,1.2,25,5,Positive,FALSE
PC 36:4 (a\b),PC 36:4,PC 36:4,782.6,184.1,6.5,1.6,25,5,Positive,FALSE
PC 36:5 (a\b),PC 36:5,PC 36:5,780.6,184.1,5.9,1,25,5,Positive,FALSE
PC 36:6,PC 36:6,PC 36:6,778.5,184.1,5.4,1,25,5,Positive,FALSE
PC 37:4 (a\b),PC 37:4,PC 37:4,796.6,184.1,7,1.2,25,5,Positive,FALSE
PC 37:6,PC 37:6,PC 37:6,792.6,184.1,5.8,1,25,5,Positive,FALSE
PC 38:2,PC 38:2,PC 38:2,814.6,184.1,8,1.4,25,5,Positive,FALSE
PC 38:3,PC 38:3,PC 38:3,812.6,184.1,7.5,1.4,25,5,Positive,FALSE
PC 38:4 (a\b\c),PC 38:4,PC 38:4,810.6,184.1,7.2,1.6,25,5,Positive,FALSE
PC 38:5 (a\b),PC 38:5,PC 38:5,808.6,184.1,6.6,1,25,5,Positive,FALSE
PC 38:6 (a\b),PC 38:6,PC 38:6,806.6,184.1,6.3,1.2,25,5,Positive,FALSE
PC 38:7 (a\b\c),PC 38:7,PC 38:7,804.6,184.1,5.4,1,25,5,Positive,FALSE
PC 39:5,PC 39:5,PC 39:5,822.6,184.1,7.1,1.2,25,5,Positive,FALSE
PC 39:6 (a\b),PC 39:6,PC 39:6,820.6,184.1,6.8,1,25,5,Positive,FALSE
PC 40:10,PC 40:10,PC 40:10,826.6,184.1,5.3,2,25,5,Positive,FALSE
PC 40:4 (a\b),PC 40:4,PC 40:4,838.6,184.1,8.3,1.2,25,5,Positive,FALSE
PC 40:5 (a\b),PC 40:5,PC 40:5,836.6,184.1,7.6,1.2,25,5,Positive,FALSE
PC 40:6,PC 40:6,PC 40:6,834.6,184.1,7.3,1,25,5,Positive,FALSE
PC 40:7 (a\b\c),PC 40:7,PC 40:7,832.6,184.1,6.4,1,25,5,Positive,FALSE
PC 40:8,PC 40:8,PC 40:8,830.6,184.1,5.8,1,25,5,Positive,FALSE
PC 42:5,PC 42:5,PC 42:5,864.6,184.1,8.5,2,25,5,Positive,FALSE
PC 42:6,PC 42:6,PC 42:6,862.6,184.1,8,2,25,5,Positive,FALSE
PC 44:12,PC 44:12,PC 44:12,878.6,184.1,7.3,2,25,5,Positive,FALSE
PC(O-32:0),PC O-32:0,PC O-32:0,720.6,184.1,7.9,1,25,5,Positive,FALSE
PC(O-32:1),PC O-32:1,PC O-32:1,718.5,184.1,7,1,25,5,Positive,FALSE
PC(O-32:2),PC O-32:2,PC O-32:2,716.6,184.1,6.8,1,25,5,Positive,FALSE
PC(O-34:1),PC O-34:1,PC O-34:1,746.6,184.1,8,1,25,5,Positive,FALSE
PC(O-34:2),PC O-34:2,PC O-34:2,744.6,184.1,7.2,1,25,5,Positive,FALSE
PC(O-34:3),PC O-34:3,PC O-34:3,742.6,184.1,7.1,1,25,5,Positive,FALSE
PC(O-34:4),PC O-34:4,PC O-34:4,740.6,184.1,6.4,1,25,5,Positive,FALSE
PC(O-35:4),PC O-35:4,PC O-35:4,754.5,184.1,6.6,1,25,5,Positive,FALSE
PC(O-36:0),PC O-36:0,PC O-36:0,776.6,184.1,10,1,25,5,Positive,FALSE
PC(O-36:1),PC O-36:1,PC O-36:1,774.6,184.1,8.9,1,25,5,Positive,FALSE
PC(O-36:2) (a\b),PC O-36:2,PC O-36:2,772.6,184.1,8.4,1.2,25,5,Positive,FALSE
PC(O-36:3) (a\b),PC O-36:3,PC O-36:3,770.6,184.1,8.1,1.2,25,5,Positive,FALSE
PC(O-36:4),PC O-36:4,PC O-36:4,768.6,184.1,7.1,1,25,5,Positive,FALSE
PC(O-36:5),PC O-36:5,PC O-36:5,766.5,184.1,7,1,25,5,Positive,FALSE
PC(O-38:3),PC O-38:3,PC O-38:3,798.6,184.1,8.9,1,25,5,Positive,FALSE
PC(O-38:4),PC O-38:4,PC O-38:4,796.6,184.1,8.3,1,25,5,Positive,FALSE
PC(O-38:5),PC O-38:5,PC O-38:5,794.6,184.1,7.5,1,25,5,Positive,FALSE
PC(O-38:6),PC O-38:6,PC O-38:6,792.6,184.1,7.1,1,25,5,Positive,FALSE
PC(O-40:2),PC O-40:2,PC O-40:2,828.7,184.1,10.1,1,25,5,Positive,FALSE
PC(O-40:3),PC O-40:3,PC O-40:3,826.6,184.1,9.7,1,25,5,Positive,FALSE
PC(O-40:4),PC O-40:4,PC O-40:4,824.6,184.1,9.2,1,25,5,Positive,FALSE
PC(O-40:5),PC O-40:5,PC O-40:5,822.6,184.1,8.4,1,25,5,Positive,FALSE
PC(O-40:6),PC O-40:6,PC O-40:6,820.6,184.1,8,1,25,5,Positive,FALSE
PC(O-40:7) (a\b),PC O-40:7,PC O-40:7,818.6,184.1,7.3,1,25,5,Positive,FALSE
PC(O-42:4)/PC P-42:3,PC O-42:4,PC O-42:4,852.7,184.1,10.1,1,25,5,Positive,FALSE
PC(O-42:5)/PC P-42:4,PC O-42:5,PC O-42:5,850.7,184.1,9.7,1,25,5,Positive,FALSE
PC(O-42:6)/PC P-42:5,PC O-42:6,PC O-42:6,848.7,184.1,8.7,1,25,5,Positive,FALSE
PC(O-44:6)/PC P-44:5,PC O-44:6,PC O-44:6,876.7,184.1,9.8,1,25,5,Positive,FALSE
PC(P-30:0),PC P-30:0,PC P-30:0,690.4,184.1,5.6,1,25,5,Positive,FALSE
PC(P-32:0),PC P-32:0,PC P-32:0,718.5,184.1,6.6,1,25,5,Positive,FALSE
PC(P-32:1),PC P-32:1,PC P-32:1,716.6,184.1,5.8,1,25,5,Positive,FALSE
PC(P-34:0),PC P-34:0,PC P-34:0,746.6,184.1,8,1,25,5,Positive,FALSE
PC(P-34:1),PC P-34:1,PC P-34:1,744.6,184.1,7.2,1,25,5,Positive,FALSE
PC(P-34:2),PC P-34:2,PC P-34:2,742.5,184.1,7.1,1,25,5,Positive,FALSE
PC(P-34:3),PC P-34:3,PC P-34:3,740.6,184.1,6.4,1,25,5,Positive,FALSE
PC(P-35:2) (a\b),PC P-35:2,PC P-35:2,756.6,184.1,7.6,1.5,25,5,Positive,FALSE
PC(P-35:4) (a\b),PC P-35:4,PC P-35:4,752.6,184.1,6.5,1,25,5,Positive,FALSE
PC(P-36:2) (a\b),PC P-36:2,PC P-36:2,770.6,184.1,8.2,1,25,5,Positive,FALSE
PC(P-36:3),PC P-36:3,PC P-36:3,768.5,184.1,7.4,1,25,5,Positive,FALSE
PC(P-36:4),PC P-36:4,PC P-36:4,766.5,184.1,7,1,25,5,Positive,FALSE
PC(P-36:5),PC P-36:5,PC P-36:5,764.6,184.1,6.4,1,25,5,Positive,FALSE
PC(P-37:4) (a\b),PC P-37:4,PC P-37:4,780.5,184.1,7.5,1,25,5,Positive,FALSE
PC(P-38:4),PC P-38:4,PC P-38:4,794.6,184.1,8.1,1,25,5,Positive,FALSE
PC(P-38:5) (a\b),PC P-38:5,PC P-38:5,792.6,184.1,7.1,1.2,25,5,Positive,FALSE
PC(P-38:6),PC P-38:6,PC P-38:6,790.6,184.1,6.8,1,25,5,Positive,FALSE
PC(P-40:4),PC P-40:4,PC P-40:4,822.6,184.1,9.3,1,25,5,Positive,FALSE
PC(P-40:5) (a\b),PC P-40:5,PC P-40:5,820.6,184.1,8,1,25,5,Positive,FALSE
PC(P-40:6),PC P-40:6,PC P-40:6,818.6,184.1,7.5,1,25,5,Positive,FALSE
PC(P-40:7),PC P-40:7,PC P-40:7,816.6,184.1,6.5,1,25,5,Positive,FALSE
PE 32:0,PE 32:0,PE 32:0,692.5,551.5,7.5,1,19,5,Positive,FALSE
PE 32:1,PE 32:1,PE 32:1,690.5,549.5,6.6,1,19,5,Positive,FALSE
PE 34:0 (17:0_17:0) (ISTD),PE 34:0 (ISTD),PE 34:0,720.6,579.5,8.7,1,19,5,Positive,TRUE
PE 34:1,PE 34:1,PE 34:1,718.5,577.5,7.7,1,19,5,Positive,FALSE
PE 34:2,PE 34:2,PE 34:2,716.5,575.5,6.9,1,19,5,Positive,FALSE
PE 34:3 (a\b\c),PE 34:3,PE 34:3,714.5,573.5,6.3,1,19,5,Positive,FALSE
PE 35:1 (a\b),PE 35:1,PE 35:1,732.6,591.5,8.2,1,19,5,Positive,FALSE
PE 35:2 (a\b),PE 35:2,PE 35:2,730.5,589.5,7.4,1,19,5,Positive,FALSE
PE 36:0,PE 36:0,PE 36:0,748.6,607.6,9.8,1,19,5,Positive,FALSE
PE 36:1,PE 36:1,PE 36:1,746.6,605.6,8.9,1,19,5,Positive,FALSE
PE 36:2 (a\b),PE 36:2,PE 36:2,744.6,603.5,8,1,19,5,Positive,FALSE
PE 36:3 (a\b),PE 36:3,PE 36:3,742.5,601.5,7,1,19,5,Positive,FALSE
PE 36:4,PE 36:4,PE 36:4,740.5,599.5,6.8,1,19,5,Positive,FALSE
PE 36:5 (a\b),PE 36:5,PE 36:5,738.5,597.5,6.1,1,19,5,Positive,FALSE
PE 37:4 (a\b),PE 37:4,PE 37:4,754.6,613.5,7.3,1,19,5,Positive,FALSE
PE 38:3 (a\b),PE 38:3,PE 38:3,770.6,629.6,8.3,1.2,19,5,Positive,FALSE
PE 38:4,PE 38:4,PE 38:4,768.6,627.5,7.9,1,19,5,Positive,FALSE
PE 38:5 (a\b),PE 38:5,PE 38:5,766.5,625.5,7,1,19,5,Positive,FALSE
PE 38:6,PE 38:6,PE 38:6,764.5,623.5,6.6,1,19,5,Positive,FALSE
PE 39:6 (a\b),PE 39:6,PE 39:6,778.5,637.5,7.2,1,19,5,Positive,FALSE
PE 40:4,PE 40:4,PE 40:4,796.6,655.6,8.8,1,19,5,Positive,FALSE
PE 40:5 (a\b),PE 40:5,PE 40:5,794.6,653.6,8,1.4,19,5,Positive,FALSE
PE 40:6,PE 40:6,PE 40:6,792.6,651.5,7.7,1,19,5,Positive,FALSE
PE 40:7,PE 40:7,PE 40:7,790.5,649.5,6.8,1,19,5,Positive,FALSE
PE(O-34:1),PE O-34:1,PE O-34:1,704.6,563.5,8.5,1,19,5,Positive,FALSE
PE(O-34:2),PE O-34:2,PE O-34:2,702.5,561.5,7.6,1,19,5,Positive,FALSE
PE(O-36:3) (a\b),PE O-36:3,PE O-36:3,728.6,587.5,8.7,1,19,5,Positive,FALSE
PE(O-36:4),PE O-36:4,PE O-36:4,726.5,585.5,7.5,1,19,5,Positive,FALSE
PE(O-36:5),PE O-36:5,PE O-36:5,724.5,583.5,6.8,1,19,5,Positive,FALSE
PE(O-38:4) (a\b),PE O-38:4,PE O-38:4,754.6,613.6,8.7,1.2,19,5,Positive,FALSE
PE(O-38:5) (a\b),PE O-38:5,PE O-38:5,752.6,611.5,7.6,1.2,19,5,Positive,FALSE
PE(O-38:6),PE O-38:6,PE O-38:6,750.6,609.5,7.3,1.2,19,5,Positive,FALSE
PE(O-40:5),PE O-40:5,PE O-40:5,780.6,639.6,8.8,1,19,5,Positive,FALSE
PE(O-40:6),PE O-40:6,PE O-40:6,778.5,637.5,8.5,1,19,5,Positive,FALSE
PE(O-40:7),PE O-40:7,PE O-40:7,776.6,635.5,8.3,1,19,5,Positive,FALSE
PE(P-15:0/20:4) (a\b),PE P-15:0/20:4,PE P-15:0/20:4,710.5,361.3,6.8,1,19,5,Positive,FALSE
PE(P-15:0/22:6) (a\b),PE P-15:0/22:6,PE P-15:0/22:6,734.5,385.3,6.4,1,19,5,Positive,FALSE
PE(P-16:0/18:1),PE P-16:0/18:1,PE P-16:0/18:1,702.5,339.3,8.3,1,19,5,Positive,FALSE
PE(P-16:0/18:2),PE P-16:0/18:2,PE P-16:0/18:2,700.5,337.3,7.5,1,19,5,Positive,FALSE
PE(P-16:0/18:3),PE P-16:0/18:3,PE P-16:0/18:3,698.5,335.3,6.7,1,19,5,Positive,FALSE
PE(P-16:0/20:3),PE P-16:0/20:3,PE P-16:0/20:3,726.5,363.3,7.8,1,19,5,Positive,FALSE
PE(P-16:0/20:4),PE P-16:0/20:4,PE P-16:0/20:4,724.5,361.3,7.4,1,19,5,Positive,FALSE
PE(P-16:0/20:5),PE P-16:0/20:5,PE P-16:0/20:5,722.5,359.3,6.7,1,19,5,Positive,FALSE
PE(P-16:0/22:4),PE P-16:0/22:4,PE P-16:0/22:4,752.6,389.3,8.2,1,19,5,Positive,FALSE
PE(P-16:0/22:5) (a\b),PE P-16:0/22:5,PE P-16:0/22:5,750.5,387.3,7.5,1.4,19,5,Positive,FALSE
PE(P-16:0/22:6),PE P-16:0/22:6,PE P-16:0/22:6,748.5,385.3,7.1,1,19,5,Positive,FALSE
PE(P-17:0/20:4) (a\b),PE P-17:0/20:4,PE P-17:0/20:4,738.6,361.3,8,1,19,5,Positive,FALSE
PE(P-17:0/22:6) (a\b),PE P-17:0/22:6,PE P-17:0/22:6,762.6,385.3,7.7,1,19,5,Positive,FALSE
PE(P-18:0/18:1),PE P-18:0/18:1,PE P-18:0/18:1,730.6,339.3,9.7,1,19,5,Positive,FALSE
PE(P-18:0/18:1)-d9 (ISTD),[D9]PE P-18:0/18:1 (ISTD),PE P-18:0/18:1,739.6,348.3,9.7,1,19,5,Positive,TRUE
PE(P-18:0/18:2),PE P-18:0/18:2,PE P-18:0/18:2,728.6,337.3,8.7,1,19,5,Positive,FALSE
PE(P-18:0/18:3),PE P-18:0/18:3,PE P-18:0/18:3,726.5,335.3,7.9,1,19,5,Positive,FALSE
PE(P-18:0/20:3),PE P-18:0/20:3,PE P-18:0/20:3,754.5,363.3,9,1,19,5,Positive,FALSE
PE(P-18:0/20:4),PE P-18:0/20:4,PE P-18:0/20:4,752.6,361.3,8.6,1,19,5,Positive,FALSE
PE(P-18:0/20:5),PE P-18:0/20:5,PE P-18:0/20:5,750.5,359.3,7.8,1,19,5,Positive,FALSE
PE(P-18:0/22:4),PE P-18:0/22:4,PE P-18:0/22:4,780.6,389.3,9.4,1,19,5,Positive,FALSE
PE(P-18:0/22:5) (a\b),PE P-18:0/22:5,PE P-18:0/22:5,778.5,387.3,8.7,1.4,19,5,Positive,FALSE
PE(P-18:0/22:6),PE P-18:0/22:6,PE P-18:0/22:6,776.6,385.3,8.3,1,19,5,Positive,FALSE
PE(P-18:1/18:1),PE P-18:1/18:1,PE P-18:1/18:1,728.6,339.3,8.5,1,19,5,Positive,FALSE
PE(P-18:1/18:2),PE P-18:1/18:2,PE P-18:1/18:2,726.5,337.3,7.7,1,19,5,Positive,FALSE
PE(P-18:1/18:3),PE P-18:1/18:3,PE P-18:1/18:3,724.5,335.3,7.4,1,19,5,Positive,FALSE
PE(P-18:1/20:3),PE P-18:1/20:3,PE P-18:1/20:3,752.5,363.3,8,1,19,5,Positive,FALSE
PE(P-18:1/20:4),PE P-18:1/20:4,PE P-18:1/20:4,750.5,361.3,7.5,1,19,5,Positive,FALSE
PE(P-18:1/20:5),PE P-18:1/20:5,PE P-18:1/20:5,748.5,359.3,6.9,1,19,5,Positive,FALSE
PE(P-18:1/22:4),PE P-18:1/22:4,PE P-18:1/22:4,778.5,389.3,8.4,1,19,5,Positive,FALSE
PE(P-18:1/22:5) (a\b),PE P-18:1/22:5,PE P-18:1/22:5,776.6,387.3,7.6,1.4,19,5,Positive,FALSE
PE(P-18:1/22:6) (a\b),PE P-18:1/22:6,PE P-18:1/22:6,774.5,385.3,7.3,1,19,5,Positive,FALSE
PE(P-19:0/20:4) (a\b),PE P-19:0/20:4,PE P-19:0/20:4,766.6,361.3,9.1,1,19,5,Positive,FALSE
PE(P-20:0/18:1),PE P-20:0/18:1,PE P-20:0/18:1,758.6,339.3,10.1,1,19,5,Positive,FALSE
PE(P-20:0/18:2),PE P-20:0/18:2,PE P-20:0/18:2,756.6,337.3,9.9,1,19,5,Positive,FALSE
PE(P-20:0/20:4),PE P-20:0/20:4,PE P-20:0/20:4,780.6,361.3,9.8,1,19,5,Positive,FALSE
PE(P-20:0/22:6),PE P-20:0/22:6,PE P-20:0/22:6,804.6,385.3,9.6,1,19,5,Positive,FALSE
PE(P-20:1/20:4),PE P-20:1/20:4,PE P-20:1/20:4,778.5,361.3,8.7,1,19,5,Positive,FALSE
PE(P-20:1/22:6),PE P-20:1/22:6,PE P-20:1/22:6,802.6,385.3,8.5,1,19,5,Positive,FALSE
PG 33:1 d7 (ISTD),[D7]PG 33:1 (ISTD),PG 33:1,759.6,570.5,6.3,1,17,5,Positive,TRUE
PG 34:0 (17:0_17:0) (ISTD),PG 34:0 (ISTD),PG 34:0,768.6,579.5,7.3,1,17,5,Positive,TRUE
PG 34:1,PG 34:1,PG 34:1,766.6,577.5,6.4,1,17,5,Positive,FALSE
PG 34:2,PG 34:2,PG 34:2,764.6,575.5,5.8,1,17,5,Positive,FALSE
PG 36:1,PG 36:1,PG 36:1,794.6,605.6,7.4,1,17,5,Positive,FALSE
PG 36:2,PG 36:2,PG 36:2,792.6,603.5,6.7,1,17,5,Positive,FALSE
PI 25:0 (ISTD),PI 25:0 (ISTD),PI 25:0,730.6,453.6,3.9,1,17,5,Positive,TRUE
PI 32:0,PI 32:0,PI 32:0,828.6,551.6,6,1,17,5,Positive,FALSE
PI 32:1,PI 32:1,PI 32:1,826.5,549.5,5.4,1,17,5,Positive,FALSE
PI 34:0,PI 34:0,PI 34:0,856.6,579.6,6.4,1,17,5,Positive,FALSE
PI 34:1,PI 34:1,PI 34:1,854.6,577.6,6.2,1,17,5,Positive,FALSE
PI 35:1,PI 35:1,PI 35:1,868.6,591.6,6.6,1,17,5,Positive,FALSE
PI 35:2,PI 35:2,PI 35:2,866.6,589.6,6,1,17,5,Positive,FALSE
PI 36:1,PI 36:1,PI 36:1,882.6,605.6,7.2,2,17,5,Positive,FALSE
PI 36:2,PI 36:2,PI 36:2,880.6,603.6,6.5,2,17,5,Positive,FALSE
PI 36:3 (a\b\c),PI 36:3,PI 36:3,878.6,601.6,5.7,1,17,5,Positive,FALSE
PI 36:4,PI 36:4,PI 36:4,876.6,599.6,5.5,1,17,5,Positive,FALSE
PI 37:4 (a\b),PI 37:4,PI 37:4,890.6,613.6,5.9,1,17,5,Positive,FALSE
PI 37:6,PI 37:6,PI 37:6,886.6,609.6,5,1,17,5,Positive,FALSE
PI 38:2,PI 38:2,PI 38:2,908.6,631.6,7.3,1,17,5,Positive,FALSE
PI 38:3 (a\b),PI 38:3,PI 38:3,906.6,629.6,6.7,1,17,5,Positive,FALSE
PI 38:4,PI 38:4,PI 38:4,904.6,627.6,6.4,1,17,5,Positive,FALSE
PI 38:5 (a\b),PI 38:5,PI 38:5,902.6,625.6,5.6,1,17,5,Positive,FALSE
PI 38:6,PI 38:6,PI 38:6,900.6,623.6,5.4,1,17,5,Positive,FALSE
PI 39:6,PI 39:6,PI 39:6,914.6,637.6,5.8,1,17,5,Positive,FALSE
PI 40:4,PI 40:4,PI 40:4,932.6,655.6,7.1,1,17,5,Positive,FALSE
PI 40:5 (a\b),PI 40:5,PI 40:5,930.6,653.6,6.5,1,17,5,Positive,FALSE
PI 40:6,PI 40:6,PI 40:6,928.6,651.6,6.2,1,17,5,Positive,FALSE
PS 34:0 (17:0_17:0) (ISTD),PS 34:0 (ISTD),PS 34:0,764.5,579.5,7.3,1,23,5,Positive,TRUE
PS 36:1,PS 36:1,PS 36:1,790.6,605.6,7.3,1,23,5,Positive,FALSE
PS 36:2,PS 36:2,PS 36:2,788.5,603.5,6.5,1,23,5,Positive,FALSE
PS 38:3,PS 38:3,PS 38:3,814.6,629.6,6.9,1,23,5,Positive,FALSE
PS 38:4,PS 38:4,PS 38:4,812.5,627.5,6.5,1,23,5,Positive,FALSE
PS 38:5,PS 38:5,PS 38:5,810.5,625.5,5.8,1,23,5,Positive,FALSE
PS 40:5,PS 40:5,PS 40:5,838.6,653.6,6.7,1,23,5,Positive,FALSE
PS 40:6,PS 40:6,PS 40:6,836.5,651.5,6.4,1,23,5,Positive,FALSE
S1P(d16:1),SPBP 16:1;O2,SPBP 16:1;O2,352.2,236.3,1.8,2,12,4,Positive,FALSE
S1P(d17:0) (ISTD),SPBP 17:0;O2 (ISTD),SPBP 17:0;O2,368.2,252.3,2.4,2,12,4,Positive,TRUE
S1P(d17:1) (ISTD),SPBP 17:1;O2 (ISTD),SPBP 17:1;O2,366.2,250.3,2.2,2,12,4,Positive,TRUE
S1P(d18:0),SPBP 18:0;O2,SPBP 18:0;O2,382.2,284.3,2.5,2,12,4,Positive,FALSE
S1P(d18:1),SPBP 18:1;O2,SPBP 18:1;O2,380.2,264.3,2.3,2,12,4,Positive,FALSE
S1P(d18:1) 13C2D2 [ISTD],"[13C2,D2]SPBP 18:1;O2 (ISTD)",SPBP 18:1;O2,384.3,268.3,2.3,2,12,4,Positive,TRUE
S1P(d18:2),SPBP 18:2;O2,SPBP 18:2;O2,378.2,262.3,1.9,2,12,4,Positive,FALSE
SM 30:1 (ISTD),SM 30:1;O2 (ISTD),SM 30:1;O2,647.5,184.1,4.5,1,29,5,Positive,TRUE
SM 31:1,SM 31:1;O2,SM 31:1;O2,661.5,184.1,4.8,1,29,5,Positive,FALSE
SM 32:0,SM 32:0;O2,SM 32:0;O2,677.6,184.1,5.5,1,29,5,Positive,FALSE
SM 32:1,SM 32:1;O2,SM 32:1;O2,675.5,184.1,5.3,1,29,5,Positive,FALSE
SM 32:2,SM 32:2;O2,SM 32:2;O2,673.5,184.1,4.7,1,29,5,Positive,FALSE
SM 33:0 **,SM 33:0;O2,SM 33:0;O2,691.6,184.1,6,2,29,5,Positive,FALSE
SM 33:1,SM 33:1;O2,SM 33:1;O2,689.6,184.1,5.7,1,29,5,Positive,FALSE
SM 33:2 **,SM 33:2;O2,SM 33:2;O2,687.6,184.1,5,2,29,5,Positive,FALSE
SM 34:0,SM 34:0;O2,SM 34:0;O2,705.6,184.1,6.4,1,29,5,Positive,FALSE
SM 34:1,SM 34:1;O2,SM 34:1;O2,703.6,184.1,6.1,1,29,5,Positive,FALSE
SM 34:2,SM 34:2;O2,SM 34:2;O2,701.6,184.1,5.4,1,29,5,Positive,FALSE
SM 34:3,SM 34:3;O2,SM 34:3;O2,699.5,184.1,4.9,1,29,5,Positive,FALSE
SM 35:0 **,SM 35:0;O2,SM 35:0;O2,719.6,184.1,6.9,3,29,5,Positive,FALSE
SM 35:1 (a\b),SM 35:1;O2,SM 35:1;O2,717.6,184.1,6.5,1,29,5,Positive,FALSE
SM 35:2 (a\b),SM 35:2;O2,SM 35:2;O2,715.6,184.1,5.8,1,29,5,Positive,FALSE
SM 36:0 **,SM 36:0;O2,SM 36:0;O2,733.6,184.1,7.5,3,29,5,Positive,FALSE
SM 36:1,SM 36:1;O2,SM 36:1;O2,731.6,184.1,7.1,1,29,5,Positive,FALSE
SM 36:2,SM 36:2;O2,SM 36:2;O2,729.6,184.1,6.3,1,29,5,Positive,FALSE
SM 36:3,SM 36:3;O2,SM 36:3;O2,727.6,184.1,5.6,1,29,5,Positive,FALSE
SM 37:0 **,SM 37:0;O2,SM 37:0;O2,747.6,184.1,8,3,29,5,Positive,FALSE
SM 37:1,SM 37:1;O2,SM 37:1;O2,745.6,184.1,7.6,2,29,5,Positive,FALSE
SM 37:2,SM 37:2;O2,SM 37:2;O2,743.5,184.1,7.1,1,29,5,Positive,FALSE
SM 38:0 **,SM 38:0;O2,SM 38:0;O2,761.6,184.1,8.2,3,29,5,Positive,FALSE
SM 38:1,SM 38:1;O2,SM 38:1;O2,759.6,184.1,7.9,1.5,29,5,Positive,FALSE
SM 38:2,SM 38:2;O2,SM 38:2;O2,757.6,184.1,7.3,1,29,5,Positive,FALSE
SM 38:3 (a\b),SM 38:3;O2,SM 38:3;O2,755.6,184.1,6.4,1,29,5,Positive,FALSE
SM 39:1,SM 39:1;O2,SM 39:1;O2,773.7,184.1,8.6,1.5,29,5,Positive,FALSE
SM 39:2,SM 39:2;O2,SM 39:2;O2,771.7,184.1,7.9,1,29,5,Positive,FALSE
SM 40:0,SM 40:0;O2,SM 40:0;O2,789.7,184.1,9.5,1,29,5,Positive,FALSE
SM 40:1,SM 40:1;O2,SM 40:1;O2,787.7,184.1,9.1,2,29,5,Positive,FALSE
SM 40:2 (a\b),SM 40:2;O2,SM 40:2;O2,785.7,184.1,8.5,1.4,29,5,Positive,FALSE
SM 40:3 (a\b\c),SM 40:3;O2,SM 40:3;O2,783.6,184.1,7.4,1.4,29,5,Positive,FALSE
SM 41:0,SM 41:0;O2,SM 41:0;O2,803.7,184.1,10,1,29,5,Positive,FALSE
SM 41:1,SM 41:1;O2,SM 41:1;O2,801.7,184.1,9.2,1,29,5,Positive,FALSE
SM 41:2 (a\b),SM 41:2;O2,SM 41:2;O2,799.7,184.1,8.9,1.4,29,5,Positive,FALSE
SM 41:3 **,SM 41:3;O2,SM 41:3;O2,797.7,184.1,8.3,3,29,5,Positive,FALSE
SM 42:0 **,SM 42:0;O2,SM 42:0;O2,817.7,184.1,10.1,3,29,5,Positive,FALSE
SM 42:1,SM 42:1;O2,SM 42:1;O2,815.7,184.1,9.7,2,29,5,Positive,FALSE
SM 42:2 (a\b),SM 42:2;O2,SM 42:2;O2,813.7,184.1,9.3,1.4,29,5,Positive,FALSE
SM 42:3 **,SM 42:3;O2,SM 42:3;O2,811.7,184.1,8.5,3,29,5,Positive,FALSE
SM 43:1,SM 43:1;O2,SM 43:1;O2,829.7,184.1,10.2,1,29,5,Positive,FALSE
SM 43:2 (a\b\c),SM 43:2;O2,SM 43:2;O2,827.7,184.1,9.9,1.4,29,5,Positive,FALSE
SM 44:1,SM 44:1;O2,SM 44:1;O2,843.6,184.1,10.3,1,29,5,Positive,FALSE
SM 44:2,SM 44:2;O2,SM 44:2;O2,841.6,184.1,10.1,1,29,5,Positive,FALSE
SM 44:3 (a\b),SM 44:3;O2,SM 44:3;O2,839.6,184.1,9.7,2,29,5,Positive,FALSE
Sph(d16:1),SPB 16:1;O2,SPB 16:1;O2,272.3,254.3,1.1,3,10,4,Positive,FALSE
Sph(d17:0) (ISTD),SPB 17:0;O2 (ISTD),SPB 17:0;O2,288.3,270.3,2,1,10,4,Positive,TRUE
Sph(d17:1) (ISTD),SPB 17:1;O2 (ISTD),SPB 17:1;O2,286.3,268.3,1.8,1,10,4,Positive,TRUE
Sph(d18:1),SPB 18:1;O2,SPB 18:1;O2,300.3,282.3,2.3,3,10,4,Positive,FALSE
Sph(d18:2),SPB 18:2;O2,SPB 18:2;O2,298.3,280.3,1.8,3,10,4,Positive,FALSE
Sulfatide (d18:1:/16:0(OH)) [264],SHexCer 18:1;O2/16:0;O,SHexCer 18:1;O2/16:0;O,796.5,264.3,5.1,1,56,5,Positive,FALSE
Sulfatide (d18:1:/16:0) [264],SHexCer 18:1;O2/16:0,SHexCer 18:1;O2/16:0,780.5,264.3,5.3,1,56,5,Positive,FALSE
Sulfatide (d18:1:/18:0(OH)) [264],SHexCer 18:1;O2/18:0;O,SHexCer 18:1;O2/18:0;O,824.6,264.3,6,1.5,56,5,Positive,FALSE
Sulfatide (d18:1:/18:0) [264],SHexCer 18:1;O2/18:0,SHexCer 18:1;O2/18:0,808.6,264.3,6.2,1.5,56,5,Positive,FALSE
Sulfatide (d18:1:/24:0(OH)) [264],SHexCer 18:1;O2/24:0;O,SHexCer 18:1;O2/24:0;O,908.6,264.3,8.9,1,56,5,Positive,FALSE
Sulfatide (d18:1:/24:0) [264],SHexCer 18:1;O2/24:0,SHexCer 18:1;O2/24:0,892.7,264.3,9.2,1,56,5,Positive,FALSE
Sulfatide (d18:1:/24:1(OH)) [264],SHexCer 18:1;O2/24:1;O,SHexCer 18:1;O2/24:1;O,906.6,264.3,7.85,1,56,5,Positive,FALSE
Sulfatide (d18:1:/24:1) [264],SHexCer 18:1;O2/24:1;O,SHexCer 18:1;O2/24:1;O,890.6,264.3,8.1,1,56,5,Positive,FALSE
Sulfatide (d18:2:/18:0(OH)) [264],SHexCer 18:2;O2/18:0;O,SHexCer 18:2;O2/18:0;O,822.5,262.3,5.3,1.5,56,5,Positive,FALSE
Sulfatide (d18:2:/18:0) [264],SHexCer 18:2;O2/18:0,SHexCer 18:2;O2/18:0,806.5,262.3,5.5,1.5,56,5,Positive,FALSE
TG 36:0 [NL-12:0] (ISTD),TG 12:0_24:0 (ISTD),TG 12:0_24:0,656.6,439.4,10.41,1,25,5,Positive,TRUE
TG 36:0 [SIM] (ISTD),TG 36:0 (ISTD),TG 36:0,656.6,656.6,10.41,1,0,5,Positive,TRUE
TG(48:0) [NL-16:0],TG 16:0_32:0,TG 16:0_32:0,824.8,551.5,11.4,1,25,5,Positive,FALSE
TG(48:0) [NL-18:0],TG 18:0_30:0 ,TG 18:0_30:0 ,824.8,523.5,11.4,1,25,5,Positive,FALSE
TG(48:0) [SIM],TG 48:0      ,TG 48:0      ,824.8,824.8,11.4,1,0,5,Positive,FALSE
TG(48:1) [NL-16:1],TG 16:1_32:0,TG 16:1_32:0,822.8,551.5,11.2,1,25,5,Positive,FALSE
TG(48:1) [NL-18:1],TG 18:1_30:0,TG 18:1_30:0,822.8,523.5,11.2,1,25,5,Positive,FALSE
TG(48:1) [SIM],TG 48:1      ,TG 48:1      ,822.8,822.8,11.2,1,0,5,Positive,FALSE
TG(48:2) [NL-14:0],TG 14:0_34:2 ,TG 14:0_34:2 ,820.8,575.5,11,1,25,5,Positive,FALSE
TG(48:2) [NL-14:1],TG 14:1_34:1,TG 14:1_34:1,820.8,577.5,11,1,25,5,Positive,FALSE
TG(48:2) [NL-16:1],TG 16:1_32:1,TG 16:1_32:1,820.8,549.5,11,1,25,5,Positive,FALSE
TG(48:2) [NL-18:2],TG 18:2_30:0 ,TG 18:2_30:0 ,820.8,523.5,11,1,25,5,Positive,FALSE
TG(48:2) [SIM],TG 48:2      ,TG 48:2      ,820.8,820.8,11,1,0,5,Positive,FALSE
TG(48:3) [NL-14:0],TG 14:0_34:3,TG 14:0_34:3,818.8,573.5,10.9,1,25,5,Positive,FALSE
TG(48:3) [NL-16:1],TG 16:1_32:2,TG 16:1_32:2,818.8,547.5,10.9,1,25,5,Positive,FALSE
TG(48:3) [NL-18:3],TG 18:3_30:0,TG 18:3_30:0,818.8,523.5,10.9,1,25,5,Positive,FALSE
TG(48:3) [SIM],TG 48:3      ,TG 48:3      ,818.8,818.8,10.9,1,0,5,Positive,FALSE
TG(49:0) [SIM],TG 49:0     ,TG 49:0     ,838.8,838.8,11.4,1,0,5,Positive,FALSE
TG(49:1) [NL-16:1],TG 16:1_33:0,TG 16:1_33:0,836.8,565.5,11.3,1,25,5,Positive,FALSE
TG(49:1) [NL-17:1],TG 17:1_32:0 ,TG 17:1_32:0 ,836.8,551.5,11.3,1,25,5,Positive,FALSE
TG(49:1) [SIM],TG 49:1      ,TG 49:1      ,836.8,836.8,11.3,1,0,5,Positive,FALSE
TG(49:2) [SIM],TG 49:2     ,TG 49:2     ,834.8,834.8,11,1,0,5,Positive,FALSE
TG(49:3) [SIM],TG 49:3,TG 49:3,832.8,832.8,11.1,1,0,5,Positive,FALSE
TG(50:0) [NL-18:0],TG 18:0_32:0,TG 18:0_32:0,852.8,551.5,11.6,1,25,5,Positive,FALSE
TG(50:0) [SIM],TG 50:0,TG 50:0,852.8,852.8,11.6,1,0,5,Positive,FALSE
TG(50:1) [NL-14:0],TG 14:0_36:1,TG 14:0_36:1,850.8,605.5,11.4,1,25,5,Positive,FALSE
TG(50:1) [NL-16:0],TG 16:0_34:1,TG 16:0_34:1,850.8,577.5,11.4,1,25,5,Positive,FALSE
TG(50:1) [NL-18:1],TG 18:1_32:0,TG 18:1_32:0,850.8,551.5,11.4,1,25,5,Positive,FALSE
TG(50:1) [SIM],TG 50:1,TG 50:1,850.8,850.8,11.4,1,0,5,Positive,FALSE
TG(50:2) [NL-14:0],TG 14:0_36:2,TG 14:0_36:2,848.8,603.5,11.2,1,25,5,Positive,FALSE
TG(50:2) [NL-16:1],TG 16:1_34:1,TG 16:1_34:1,848.8,577.5,11.2,1,25,5,Positive,FALSE
TG(50:2) [NL-18:1],TG 18:1_32:1,TG 18:1_32:1,848.8,549.5,11.2,1,25,5,Positive,FALSE
TG(50:2) [NL-18:2],TG 18:2_32:0,TG 18:2_32:0,848.8,551.5,11.2,1,25,5,Positive,FALSE
TG(50:2) [SIM],TG 50:2     ,TG 50:2     ,848.8,848.8,11.2,1,0,5,Positive,FALSE
TG(50:3) [NL-14:0],TG 14:0_36:3,TG 14:0_36:3,846.8,601.5,11,1,25,5,Positive,FALSE
TG(50:3) [NL-14:1],TG 14:1_36:2,TG 14:1_36:2,846.8,603.5,11,1,25,5,Positive,FALSE
TG(50:3) [NL-16:1],TG 16:1_34:2,TG 16:1_34:2,846.8,575.5,11,1,25,5,Positive,FALSE
TG(50:3) [NL-18:2],TG 18:2_32:1,TG 18:2_32:1,846.8,549.5,11,1,25,5,Positive,FALSE
TG(50:3) [NL-18:3],TG 18:3_32:0,TG 18:3_32:0,846.8,551.5,11.1,1,25,5,Positive,FALSE
TG(50:3) [SIM],TG 50:3,TG 50:3,846.8,846.8,11,1,0,5,Positive,FALSE
TG(50:4) [NL-14:0],TG 14:0_36:4,TG 14:0_36:4,844.8,599.5,10.9,1,25,5,Positive,FALSE
TG(50:4) [NL-18:3],TG 18:3_32:1,TG 18:3_32:1,844.8,549.5,10.9,1,25,5,Positive,FALSE
TG(50:4) [NL-20:4],TG 20:4_30:0,TG 20:4_30:0,844.8,523.5,11,1,25,5,Positive,FALSE
TG(50:4) [SIM],TG 50:4,TG 50:4,844.8,844.8,10.9,1,0,5,Positive,FALSE
TG(50:5) [SIM],TG 50:5,TG 50:5,842.8,842.8,10.8,1,0,5,Positive,FALSE
TG(51:0) [NL-16:0],TG 16:0_35:0,TG 16:0_35:0,866.7,593.4,11.7,1,25,5,Positive,FALSE
TG(51:0) [NL-17:0] (ISTD),TG 17:0_34:0,TG 17:0_34:0,866.7,579.5,11.7,1,25,5,Positive,TRUE
TG(51:0) [SIM](ISTD),TG 51:0,TG 51:0,866.7,866.7,11.7,1,0,5,Positive,TRUE
TG(51:1) [NL-17:0],TG 17:0_34:1,TG 17:0_34:1,864.8,577.5,11.5,1,25,5,Positive,FALSE
TG(51:1) [SIM],TG 51:1,TG 51:1,864.8,864.8,11.5,1,0,5,Positive,FALSE
TG(51:2) [NL-15:0],TG 15:0_36:2  ,TG 15:0_36:2  ,862.8,603.5,11.3,1,25,5,Positive,FALSE
TG(51:2) [NL-17:0],TG 17:0_34:2,TG 17:0_34:2,862.8,577.5,11.3,1,25,5,Positive,FALSE
TG(51:2) [NL-17:1],TG 17:1_34:1,TG 17:1_34:1,862.8,577.5,11.3,1,25,5,Positive,FALSE
TG(51:2) [SIM],TG 51:2       ,TG 51:2       ,862.8,862.8,11.3,1,0,5,Positive,FALSE
TG(51:3) [SIM],TG 51:3,TG 51:3,860.8,860.8,11.1,1,0,5,Positive,FALSE
TG(51:4) [SIM],TG 51:4,TG 51:4,858.8,858.8,11,1,0,5,Positive,FALSE
TG(52:0) [SIM],TG 52:0       ,TG 52:0       ,880.8,880.8,11.4,1,0,5,Positive,FALSE
TG(52:1) [NL-18:0],TG 18:0_34:1,TG 18:0_34:1,878.8,577.5,11.8,1,25,5,Positive,FALSE
TG(52:1) [NL-18:1],TG 18:1_34:0,TG 18:1_34:0,878.8,579.5,11.6,1,25,5,Positive,FALSE
TG(52:1) [SIM],TG 52:1       ,TG 52:1       ,878.8,878.8,11.6,1,0,5,Positive,FALSE
TG(52:2) [NL-16:0],TG 16:0_36:2,TG 16:0_36:2,876.8,603.5,11.4,1,25,5,Positive,FALSE
TG(52:2) [NL-18:2],TG 18:2_34:0,TG 18:2_34:0,876.8,579.5,11.4,1,25,5,Positive,FALSE
TG(52:2) [SIM],TG 52:2       ,TG 52:2       ,876.8,876.8,11.4,1,0,5,Positive,FALSE
TG(52:3) [NL-16:1],TG 16:1_36:2,TG 16:1_36:2,874.8,603.5,11.2,1,25,5,Positive,FALSE
TG(52:3) [NL-18:2],TG 18:2_34:1,TG 18:2_34:1,874.8,577.5,11.2,1,25,5,Positive,FALSE
TG(52:3) [SIM],TG 52:3       ,TG 52:3       ,874.8,874.8,11.2,1,0,5,Positive,FALSE
TG(52:4) [NL-16:1],TG 16:1_36:3,TG 16:1_36:3,872.8,601.5,11.1,1,25,5,Positive,FALSE
TG(52:4) [NL-18:2],TG 18:2_34:2,TG 18:2_34:2,872.8,575.5,11.1,1,25,5,Positive,FALSE
TG(52:4) [NL-18:3],TG 18:3_34:1  ,TG 18:3_34:1  ,872.8,577.5,11.1,1,25,5,Positive,FALSE
TG(52:4) [SIM],TG 52:4,TG 52:4,872.8,872.8,11.1,1,0,5,Positive,FALSE
TG(52:5) [NL-18:3],TG 18:3_34:2,TG 18:3_34:2,870.8,575.5,10.9,1,25,5,Positive,FALSE
TG(52:5) [NL-20:4],TG 20:4_32:1  ,TG 20:4_32:1  ,870.8,549.5,11,1,25,5,Positive,FALSE
TG(52:5) [NL-20:5],TG 20:5_32:0,TG 20:5_32:0,870.8,551.5,11,1,25,5,Positive,FALSE
TG(52:5) [SIM],TG 52:5,TG 52:5,870.8,870.8,10.8,1,0,5,Positive,FALSE
TG(52:6 [NL-22:6],TG 22:6_30:0  ,TG 22:6_30:0  ,868.8,523.5,10.9,1,25,5,Positive,FALSE
TG(52:6) [NL-18:2],TG 18:2_34:4,TG 18:2_34:4,868.8,571.5,10.9,1,25,5,Positive,FALSE
TG(52:6) [NL-20:4],TG 20:4_32:2,TG 20:4_32:2,868.8,547.5,10.9,1,25,5,Positive,FALSE
TG(52:6) [SIM],TG 52:6       ,TG 52:6       ,868.8,868.8,10.9,1,0,5,Positive,FALSE
TG(53:1) [SIM],TG 53:1,TG 53:1,892.8,892.8,11.7,1,0,5,Positive,FALSE
TG(53:2) [NL-17:1],TG 17:1_36:1,TG 17:1_36:1,890.8,605.5,11.5,1,25,5,Positive,FALSE
TG(53:2) [NL-18:1],TG 18:1_35:1  ,TG 18:1_35:1  ,890.8,591.5,11.5,1,25,5,Positive,FALSE
TG(53:2) [SIM],TG 53:2,TG 53:2,890.8,890.8,11.5,1,0,5,Positive,FALSE
TG(53:3) [SIM],TG 53:3,TG 53:3,888.8,888.8,11.3,1,0,5,Positive,FALSE
TG(53:4) [SIM],TG 53:4       ,TG 53:4       ,886.8,886.8,11.2,1,0,5,Positive,FALSE
TG(54:0) [NL-18:0],TG 18:0_36:0,TG 18:0_36:0,908.8,607.5,12,1,25,5,Positive,FALSE
TG(54:0) [SIM],TG 54:0,TG 54:0,908.8,908.8,12,1,0,5,Positive,FALSE
TG(54:1) [NL-18:1],TG 18:1_36:0  ,TG 18:1_36:0  ,906.8,607.5,11.8,1,25,5,Positive,FALSE
TG(54:1) [SIM],TG 54:1,TG 54:1,906.8,906.8,11.8,1,0,5,Positive,FALSE
TG(54:2) [NL-18:0],TG 18:0_36:2,TG 18:0_36:2,904.8,603.5,11.6,1,25,5,Positive,FALSE
TG(54:2) [NL-20:1],TG 20:1_34:1  ,TG 20:1_34:1  ,904.8,577.5,11.6,1,25,5,Positive,FALSE
TG(54:2) [SIM],TG 54:2,TG 54:2,904.8,904.8,11.6,1,0,5,Positive,FALSE
TG(54:3) [NL-18:1],TG 18:1_36:2,TG 18:1_36:2,902.8,603.5,11.4,1,25,5,Positive,FALSE
TG(54:3) [NL-18:2],TG 18:2_36:1  ,TG 18:2_36:1  ,902.8,605.5,11.4,1,25,5,Positive,FALSE
TG(54:3) [SIM],TG 54:3,TG 54:3,902.8,902.8,11.4,1,0,5,Positive,FALSE
TG(54:4) [NL-18:2],TG 18:2_36:2,TG 18:2_36:2,900.8,603.5,11.2,1,25,5,Positive,FALSE
TG(54:4) [NL-20:3],TG 20:3_34:1  ,TG 20:3_34:1  ,900.8,577.5,11.3,1,25,5,Positive,FALSE
TG(54:4) [SIM],TG 54:4,TG 54:4,900.8,900.8,11.2,1,0,5,Positive,FALSE
TG(54:5) [NL-18:3],TG 18:3_36:2,TG 18:3_36:2,898.8,603.5,11.1,1,25,5,Positive,FALSE
TG(54:5) [NL-20:4],TG 20:4_34:1  ,TG 20:4_34:1  ,898.8,577.5,11.2,1,25,5,Positive,FALSE
TG(54:5) [SIM],TG 54:5,TG 54:5,898.8,898.8,11.1,1,0,5,Positive,FALSE
TG(54:6) [NL-18:3],TG 18:3_36:3,TG 18:3_36:3,896.8,601.5,11,1,25,5,Positive,FALSE
TG(54:6) [NL-20:4],TG 20:4_34:2  ,TG 20:4_34:2  ,896.8,575.5,11,1,25,5,Positive,FALSE
TG(54:6) [NL-20:5],TG 20:5_34:1,TG 20:5_34:1,896.8,577.5,11,1,25,5,Positive,FALSE
TG(54:6) [NL-22:6],TG 22:6_32:0,TG 22:6_32:0,896.8,551.5,11.7,1,25,5,Positive,FALSE
TG(54:6) [SIM],TG 54:6       ,TG 54:6       ,896.8,896.8,10.9,1,0,5,Positive,FALSE
TG(54:7) [NL-20:5],TG 20:5_34:2,TG 20:5_34:2,894.8,575.5,10.9,1,25,5,Positive,FALSE
TG(54:7) [NL-22:6],TG 22:6_32:1,TG 22:6_32:1,894.8,549.5,10.9,1,25,5,Positive,FALSE
TG(54:7) [SIM],TG 54:7       ,TG 54:7       ,894.8,894.8,10.8,1,0,5,Positive,FALSE
TG(56:1) [SIM],TG 56:1,TG 56:1,934.9,934.9,12,1,0,5,Positive,FALSE
TG(56:2) [SIM],TG 56:2,TG 56:2,932.9,932.9,11.8,1,0,5,Positive,FALSE
TG(56:3) [SIM],TG 56:3       ,TG 56:3       ,930.8,930.8,11.6,1,0,5,Positive,FALSE
TG(56:4) [SIM],TG 56:4,TG 56:4,928.8,928.8,11.4,1,0,5,Positive,FALSE
TG(56:5) [SIM],TG 56:5,TG 56:5,926.8,926.8,11.3,1,0,5,Positive,FALSE
TG(56:6) [NL-20:4],TG 20:4_36:2  ,TG 20:4_36:2  ,924.8,603.5,11.2,1,25,5,Positive,FALSE
TG(56:6) [NL-22:5] (a/b),TG 22:5_34:1,TG 22:5_34:1,924.8,577.5,11.2,1,25,5,Positive,FALSE
TG(56:6) [SIM],TG 56:6,TG 56:6,924.8,924.8,11.2,1,0,5,Positive,FALSE
TG(56:7) [NL-20:4],TG 20:4_36:3  ,TG 20:4_36:3  ,922.8,601.5,11,1,25,5,Positive,FALSE
TG(56:7) [NL-20:5],TG 20:5_36:2,TG 20:5_36:2,922.8,603.5,11,1,25,5,Positive,FALSE
TG(56:7) [NL-22:5] (a/b),TG 22:5_34:2,TG 22:5_34:2,922.8,575.5,11,1,25,5,Positive,FALSE
TG(56:7) [NL-22:6],TG 22:6_34:1  ,TG 22:6_34:1  ,922.8,577.5,11.1,1,25,5,Positive,FALSE
TG(56:7) [SIM],TG 56:7,TG 56:7,922.8,922.8,11,1,0,5,Positive,FALSE
TG(56:8) [NL-20:4],TG 20:4_36:4,TG 20:4_36:4,920.8,599.5,10.9,1,25,5,Positive,FALSE
TG(56:8) [NL-20:5],TG 20:5_36:3  ,TG 20:5_36:3  ,920.8,601.5,10.9,1,25,5,Positive,FALSE
TG(56:8) [NL-22:6],TG 22:6_34:2,TG 22:6_34:2,920.8,575.5,11,1,25,5,Positive,FALSE
TG(56:8) [SIM],TG 56:8,TG 56:8,920.8,920.8,10.9,1,0,5,Positive,FALSE
TG(56:9) [NL-22:6],TG 22:6_34:3  ,TG 22:6_34:3  ,918.8,573.5,10.8,1,25,5,Positive,FALSE
TG(56:9) [SIM],TG 56:9,TG 56:9,918.8,918.8,10.8,1,0,5,Positive,FALSE
TG(57:1) [SIM],TG 57:1,TG 57:1,948.9,948.9,12.1,1,0,5,Positive,FALSE
TG(57:2) [SIM],TG 57:2       ,TG 57:2       ,946.9,946.9,11.9,1,0,5,Positive,FALSE
TG(57:3) [SIM],TG 57:3,TG 57:3,944.9,944.9,11.7,1,0,5,Positive,FALSE
TG(57:4) [SIM],TG 57:4,TG 57:4,942.8,942.8,11.6,1,0,5,Positive,FALSE
TG(58:1) [SIM],TG 58:1       ,TG 58:1       ,962.9,962.9,11.7,1,0,5,Positive,FALSE
TG(58:10) [NL-22:6],TG 22:6_36:4,TG 22:6_36:4,944.9,599.5,12.2,1,25,5,Positive,FALSE
TG(58:10) [SIM],TG 58:10,TG 58:10,944.9,944.9,12,1,0,5,Positive,FALSE
TG(58:2) [SIM],TG 58:2       ,TG 58:2       ,960.9,960.9,11.5,1,0,5,Positive,FALSE
TG(58:3) [SIM],TG 58:3,TG 58:3,958.9,958.9,11.3,1,0,5,Positive,FALSE
TG(58:4) [SIM],TG 58:4,TG 58:4,956.9,956.9,11.2,1,0,5,Positive,FALSE
TG(58:5) [SIM],TG 58:5       ,TG 58:5       ,954.8,954.8,11.1,1,0,5,Positive,FALSE
TG(58:6) [SIM],TG 58:6,TG 58:6,952.8,952.8,11.2,1,0,5,Positive,FALSE
TG(58:7) [SIM],TG 58:7,TG 58:7,950.8,950.8,11,1,0,5,Positive,FALSE
TG(58:8) [NL-22:6],TG 22:6_36:2  ,TG 22:6_36:2  ,948.8,603.5,11.9,1,25,5,Positive,FALSE
TG(58:8) [SIM],TG 58:8,TG 58:8,948.8,948.8,11,1,0,5,Positive,FALSE
TG(58:9) [NL-22:6],TG 22:6_36:3,TG 22:6_36:3,946.9,601.5,10.6,1,25,5,Positive,FALSE
TG(58:9) [SIM],TG 58:9       ,TG 58:9       ,946.9,946.9,10.7,1,0,5,Positive,FALSE
TG(59:2) [SIM],TG 59:2,TG 59:2,974.9,974.9,12.1,1,0,5,Positive,FALSE
TG(59:3) [SIM],TG 59:3,TG 59:3,972.9,972.9,11.9,1,0,5,Positive,FALSE
TG(59:4) [SIM],TG 59:4       ,TG 59:4       ,970.9,970.9,11.8,1,0,5,Positive,FALSE
TG(60:2) [SIM],TG 60:2,TG 60:2,988.9,988.9,12.2,1,0,5,Positive,FALSE
TG(60:3) [SIM],TG 60:3,TG 60:3,986.9,986.9,12,1,0,5,Positive,FALSE
TG(60:4) [SIM],TG 60:4       ,TG 60:4       ,984.9,984.9,11.9,1,0,5,Positive,FALSE
TG(O-50:1) [NL-15:0],TG O-15:0_35:1,TG O-15:0_35:1,836.8,577.5,11.3,1.6,25,5,Positive,FALSE
TG(O-50:1) [NL-16:0],TG O-16:0_34:1,TG O-16:0_34:1,836.8,563.5,11.3,1.6,25,5,Positive,FALSE
TG(O-50:1) [NL-17:1],TG O-17:1_33:0,TG O-17:1_33:0,836.8,551.5,11.3,1.6,25,5,Positive,FALSE
TG(O-50:1) [NL-18:1],TG O-18:1_32:0,TG O-18:1_32:0,836.8,537.5,11.3,1.6,25,5,Positive,FALSE
TG(O-50:1) [SIM],TG O-50:1,TG O-50:1,836.8,836.8,11.3,1.6,0,5,Positive,FALSE
TG(O-50:2) [NL-16:1],TG O-16:1_34:1,TG O-16:1_34:1,834.8,563.5,11.1,1.6,25,5,Positive,FALSE
TG(O-50:2) [NL-18:1],TG O-18:1_32:1,TG O-18:1_32:1,834.8,535.5,11.1,1.6,25,5,Positive,FALSE
TG(O-50:2) [NL-18:2],TG O-18:2_32:0,TG O-18:2_32:0,834.8,537.5,11.1,1.6,25,5,Positive,FALSE
TG(O-50:2) [SIM],TG O-50:2     ,TG O-50:2     ,834.8,834.8,11.1,1.6,0,5,Positive,FALSE
TG(O-50:3) [NL-18:2],TG O-18:2_32:1,TG O-18:2_32:1,832.8,535.5,10.7,1.6,25,5,Positive,FALSE
TG(O-50:3) [SIM],TG O-50:3,TG O-50:3,832.8,832.8,11,1.6,0,5,Positive,FALSE
TG(O-52:0) [NL-16:0],TG O-16:0_36:0,TG O-16:0_36:0,866.8,593.5,11.7,1.6,25,5,Positive,FALSE
TG(O-52:0) [SIM],TG O-52:0,TG O-52:0,866.8,866.8,11.7,1.6,0,5,Positive,FALSE
TG(O-52:1) [NL-16:0],TG O-16:0_36:1,TG O-16:0_36:1,864.8,591.5,11.5,1.6,25,5,Positive,FALSE
TG(O-52:1) [NL-18:1],TG O-18:1_34:0,TG O-18:1_34:0,864.8,565.5,11.5,1.6,25,5,Positive,FALSE
TG(O-52:1) [SIM],TG O-52:1,TG O-52:1,864.8,864.8,11.5,1.6,0,5,Positive,FALSE
TG(O-52:2) [NL-16:0],TG O-16:0_36:2,TG O-16:0_36:2,862.8,589.5,11.3,1.6,25,5,Positive,FALSE
TG(O-52:2) [NL-17:1],TG O-17:1_35:1,TG O-17:1_35:1,862.8,577.5,11.3,1.6,25,5,Positive,FALSE
TG(O-52:2) [NL-18:1],TG O-18:1_34:1,TG O-18:1_34:1,862.8,563.5,11.3,1.6,25,5,Positive,FALSE
TG(O-52:2) [SIM],TG O-52:2,TG O-52:2,862.8,862.8,11.3,1.6,0,5,Positive,FALSE
TG(O-52:3) [SIM],TG O-52:3     ,TG O-52:3     ,860.8,860.8,11.1,1.6,0,5,Positive,FALSE
TG(O-52:4) [SIM],TG O-52:4,TG O-52:4,858.8,858.8,11,1.6,0,5,Positive,FALSE
TG(O-54:1) [SIM],TG O-54:1,TG O-54:1,892.8,892.8,11.7,1.6,0,5,Positive,FALSE
TG(O-54:2) [NL-17:1],TG O-17:1_37:1,TG O-17:1_37:1,890.8,605.5,11.5,1.6,25,5,Positive,FALSE
TG(O-54:2) [NL-18:1],TG O-18:1_36:1,TG O-18:1_36:1,890.8,591.5,11.5,1.6,25,5,Positive,FALSE
TG(O-54:2) [SIM],TG O-54:2,TG O-54:2,890.8,890.8,11.5,1.6,0,5,Positive,FALSE
TG(O-54:3) [NL-17:1],TG O-17:1_37:2,TG O-17:1_37:2,888.8,603.5,11.3,1.6,25,5,Positive,FALSE
TG(O-54:3) [NL-18:1],TG O-18:1_36:2,TG O-18:1_36:2,888.8,589.5,11.3,1.6,25,5,Positive,FALSE
TG(O-54:3) [SIM],TG O-54:3,TG O-54:3,888.8,888.8,11.3,1.6,0,5,Positive,FALSE
TG(O-54:4) [NL-17:1],TG O-17:1_37:3,TG O-17:1_37:3,886.8,601.5,11.2,1.6,25,5,Positive,FALSE
TG(O-54:4) [NL-18:2],TG O-18:2_36:2,TG O-18:2_36:2,886.8,589.5,11.2,1.6,25,5,Positive,FALSE
TG(O-54:4) [SIM],TG O-54:4,TG O-54:4,886.8,886.8,11.2,1.6,0,5,Positive,FALSE
Ubiquinone,Coenzyme Q10,Coenzyme Q10,880.7,197,10.9,1,17,5,Positive,FALSE
